Fecha;Concentración;NowCast;IBOCA
14/01/2025 16:00;17;10.7;5.05
14/01/2025 17:00;14;11;5.19
14/01/2025 18:00;12;11.2;5.28
14/01/2025 19:00;9;11;5.19
14/01/2025 20:00;7;10.8;5.09
14/01/2025 21:00;7;10.6;5
14/01/2025 22:00;3;10.3;4.86
14/01/2025 23:00;5;10;4.72
15/01/2025 0:00;8;9.9;4.67
15/01/2025 1:00;9;9.9;4.67
15/01/2025 2:00;7;9.8;4.62
15/01/2025 3:00;2;9.5;4.48
15/01/2025 4:00;3;9.2;4.34
15/01/2025 5:00;Sin data;9.2;4.34
15/01/2025 6:00;Sin data;9.2;4.34
15/01/2025 7:00;Sin data;9.2;4.34
15/01/2025 8:00;2;9.2;4.34
15/01/2025 9:00;7;9.3;4.39
15/01/2025 10:00;11;9.4;4.43
15/01/2025 11:00;17;9.4;4.43
2/02/2025 22:00;Sin data;8.2;3.87
2/02/2025 23:00;Sin data;7.6;3.58
3/02/2025 0:00;Sin data;7.1;3.35
3/02/2025 1:00;Sin data;6.7;3.16
3/02/2025 2:00;Sin data;6.3;2.97
3/02/2025 3:00;Sin data;6;2.83
3/02/2025 4:00;Sin data;5.7;2.69
3/02/2025 5:00;Sin data;5.4;2.55
3/02/2025 6:00;1;5.2;2.45
3/02/2025 7:00;4;5.2;2.45
3/02/2025 8:00;6;5.2;2.45
3/02/2025 10:00;8;5.4;2.55
3/02/2025 11:00;9;5.4;2.55
3/02/2025 12:00;9;5.4;2.55
3/02/2025 13:00;10;5.3;2.5
3/02/2025 14:00;10;5.2;2.45
3/02/2025 15:00;11;5.1;2.41
3/02/2025 16:00;10;5.1;2.41
3/02/2025 17:00;9;5.2;2.45
3/02/2025 18:00;6;5.1;2.41
3/02/2025 19:00;4;5;2.36
3/02/2025 20:00;3;4.9;2.31
3/02/2025 21:00;3;5;2.36
3/02/2025 22:00;4;5.2;2.45
3/02/2025 23:00;3;5.3;2.5
4/02/2025 0:00;5;5.5;2.59
4/02/2025 1:00;5;5.7;2.69
4/02/2025 2:00;5;5.9;2.78
4/02/2025 3:00;2;6;2.83
4/02/2025 4:00;2;6.1;2.88
4/02/2025 5:00;3;6.2;2.92
4/02/2025 6:00;6;6.4;3.02
4/02/2025 7:00;6;6.5;3.07
4/02/2025 8:00;7;6.6;3.11
4/02/2025 9:00;8;6.7;3.16
4/02/2025 10:00;9;6.7;3.16
4/02/2025 11:00;10;6.7;3.16
4/02/2025 12:00;11;6.7;3.16
4/02/2025 13:00;11;6.8;3.21
4/02/2025 14:00;10;6.8;3.21
4/02/2025 15:00;10;6.7;3.16
4/02/2025 16:00;9;6.7;3.16
4/02/2025 17:00;8;6.7;3.16
4/02/2025 18:00;7;6.7;3.16
4/02/2025 19:00;4;6.7;3.16
4/02/2025 20:00;3;6.7;3.16
4/02/2025 21:00;Sin data;6.6;3.11
4/02/2025 22:00;2;6.5;3.07
4/02/2025 23:00;1;6.4;3.02
5/02/2025 0:00;Sin data;6.2;2.92
5/02/2025 1:00;Sin data;6;2.83
5/02/2025 2:00;1;5.9;2.78
5/02/2025 3:00;Sin data;5.8;2.74
5/02/2025 4:00;1;5.7;2.69
5/02/2025 5:00;1;5.6;2.64
5/02/2025 6:00;2;5.5;2.59
5/02/2025 7:00;3;5.3;2.5
5/02/2025 8:00;5;5.2;2.45
5/02/2025 9:00;Sin data;5.1;2.41
5/02/2025 14:00;49;6.1;2.88
5/02/2025 15:00;39;7.6;3.58
5/02/2025 16:00;32;8.8;4.15
5/02/2025 17:00;22;9.5;4.48
5/02/2025 18:00;7;9.5;4.48
5/02/2025 19:00;4;9.5;4.48
5/02/2025 20:00;8;9.8;4.62
5/02/2025 21:00;19;10.8;5.09
5/02/2025 22:00;21;11.8;5.57
5/02/2025 23:00;21;12.8;6.04
6/02/2025 0:00;6;13.1;6.18
6/02/2025 1:00;8;13.6;6.42
6/02/2025 2:00;15;14.3;6.75
6/02/2025 3:00;25;15.6;7.36
6/02/2025 4:00;26;16.9;7.97
6/02/2025 5:00;24;18.1;8.54
6/02/2025 6:00;24;19.3;9.1
6/02/2025 7:00;21;20.3;9.58
6/02/2025 8:00;26;21.4;10.09
6/02/2025 9:00;29;21.8;10.28
6/02/2025 10:00;31;22.3;10.52
6/02/2025 11:00;35;22.9;10.8
6/02/2025 12:00;33;23.3;10.99
6/02/2025 13:00;35;23.8;11.23
6/02/2025 14:00;37;23.3;10.99
6/02/2025 15:00;38;23.3;10.99
6/02/2025 16:00;40;23.7;11.18
6/02/2025 17:00;37;24.3;11.46
6/02/2025 18:00;29;25.2;11.89
6/02/2025 19:00;20;25.8;12.17
6/02/2025 20:00;15;26.1;12.31
6/02/2025 21:00;13;25.9;12.22
6/02/2025 22:00;7;25.3;11.93
6/02/2025 23:00;23;25.4;11.98
7/02/2025 0:00;25;26.3;12.41
7/02/2025 1:00;12;26.4;12.45
7/02/2025 2:00;18;26.5;12.5
7/02/2025 3:00;11;25.9;12.22
7/02/2025 4:00;7;25.2;11.89
7/02/2025 5:00;2;24.2;11.42
7/02/2025 6:00;2;23.3;10.99
7/02/2025 7:00;16;23.1;10.9
7/02/2025 8:00;21;22.9;10.8
7/02/2025 9:00;27;22.8;10.75
7/02/2025 10:00;29;22.7;10.71
7/02/2025 11:00;29;22.5;10.61
7/02/2025 12:00;29;22.3;10.52
7/02/2025 13:00;31;22.1;10.42
7/02/2025 14:00;33;22;10.38
7/02/2025 15:00;30;21.6;10.19
7/02/2025 16:00;28;21.1;9.95
7/02/2025 17:00;30;20.8;9.81
7/02/2025 18:00;22;20.5;9.67
7/02/2025 19:00;19;20.5;9.67
7/02/2025 20:00;18;20.6;9.72
7/02/2025 21:00;20;20.9;9.86
7/02/2025 22:00;19;21.4;10.09
7/02/2025 23:00;8;20.7;9.76
8/02/2025 0:00;17;20.4;9.62
8/02/2025 1:00;23;20.8;9.81
8/02/2025 2:00;23;21;9.91
8/02/2025 3:00;23;21.6;10.19
8/02/2025 4:00;26;22.3;10.52
8/02/2025 5:00;25;23.3;10.99
8/02/2025 6:00;23;24.2;11.42
8/02/2025 7:00;21;24.4;11.51
8/02/2025 8:00;22;24.4;11.51
8/02/2025 9:00;23;24.2;11.42
8/02/2025 10:00;24;24;11.32
8/02/2025 11:00;27;23.9;11.27
8/02/2025 12:00;30;24;11.32
8/02/2025 13:00;40;24.3;11.46
8/02/2025 14:00;36;24.5;11.56
8/02/2025 15:00;34;24.6;11.6
8/02/2025 16:00;29;24.7;11.65
8/02/2025 17:00;28;24.6;11.6
8/02/2025 18:00;23;24.7;11.65
8/02/2025 19:00;16;24.5;11.56
8/02/2025 20:00;9;24.2;11.42
8/02/2025 21:00;12;23.8;11.23
8/02/2025 22:00;4;23.2;10.94
8/02/2025 23:00;5;23.1;10.9
9/02/2025 0:00;15;23;10.85
9/02/2025 1:00;10;22.5;10.61
9/02/2025 2:00;7;21.8;10.28
9/02/2025 3:00;7;21.1;9.95
9/02/2025 4:00;8;20.3;9.58
9/02/2025 5:00;3;19.4;9.15
9/02/2025 6:00;1;18.5;8.73
9/02/2025 8:00;1;17.5;8.25
9/02/2025 9:00;15;17.1;8.07
9/02/2025 10:00;20;17;8.02
9/02/2025 11:00;15;16.5;7.78
9/02/2025 12:00;18;15.9;7.5
9/02/2025 13:00;26;15.3;7.22
9/02/2025 14:00;28;15;7.08
9/02/2025 15:00;30;14.8;6.98
9/02/2025 16:00;30;14.9;7.03
9/02/2025 17:00;29;14.9;7.03
9/02/2025 18:00;23;14.9;7.03
9/02/2025 19:00;20;15;7.08
9/02/2025 20:00;10;15.1;7.12
9/02/2025 21:00;8;14.9;7.03
9/02/2025 22:00;8;15.1;7.12
9/02/2025 23:00;8;15.3;7.22
10/02/2025 0:00;7;14.9;7.03
10/02/2025 1:00;5;14.7;6.93
10/02/2025 2:00;8;14.7;6.93
10/02/2025 3:00;9;14.8;6.98
10/02/2025 4:00;13;15;7.08
10/02/2025 5:00;2;15;7.08
10/02/2025 6:00;Sin data;15.6;7.36
10/02/2025 7:00;Sin data;15.6;7.36
10/02/2025 8:00;Sin data;15.6;7.36
10/02/2025 12:00;36;16.2;7.64
10/02/2025 13:00;42;17.1;8.07
10/02/2025 14:00;39;17.6;8.3
10/02/2025 15:00;35;17.9;8.44
10/02/2025 16:00;31;18;8.49
10/02/2025 17:00;27;17.9;8.44
10/02/2025 18:00;22;17.8;8.4
10/02/2025 19:00;17;17.7;8.35
10/02/2025 20:00;10;17.7;8.35
10/02/2025 21:00;16;18.1;8.54
10/02/2025 22:00;20;18.7;8.82
10/02/2025 23:00;15;19.1;9.01
11/02/2025 0:00;10;19.2;9.06
11/02/2025 1:00;10;19.5;9.2
11/02/2025 2:00;6;19.4;9.15
11/02/2025 3:00;4;19.2;9.06
11/02/2025 4:00;9;18.9;8.92
11/02/2025 5:00;6;19.2;9.06
11/02/2025 6:00;1;18.3;8.63
11/02/2025 7:00;7;17.8;8.4
11/02/2025 8:00;16;18.5;8.73
11/02/2025 9:00;17;18.5;8.73
11/02/2025 10:00;14;18.3;8.63
11/02/2025 11:00;11;18;8.49
11/02/2025 12:00;17;17.2;8.11
11/02/2025 13:00;25;16.5;7.78
11/02/2025 14:00;27;16;7.55
11/02/2025 15:00;26;15.6;7.36
11/02/2025 16:00;22;15.2;7.17
11/02/2025 17:00;20;14.9;7.03
11/02/2025 18:00;15;14.7;6.93
11/02/2025 19:00;9;14.3;6.75
11/02/2025 20:00;7;14.2;6.7
11/02/2025 21:00;4;13.7;6.46
11/02/2025 22:00;Sin data;12.8;6.04
11/02/2025 23:00;2;12.3;5.8
12/02/2025 0:00;9;12.3;5.8
12/02/2025 1:00;11;12.3;5.8
12/02/2025 2:00;10;12.5;5.9
12/02/2025 3:00;10;12.7;5.99
12/02/2025 4:00;10;12.7;5.99
12/02/2025 5:00;4;12.6;5.94
12/02/2025 6:00;2;12.7;5.99
12/02/2025 7:00;Sin data;12.4;5.85
12/02/2025 8:00;1;11.8;5.57
12/02/2025 9:00;3;11.2;5.28
12/02/2025 10:00;14;11.2;5.28
12/02/2025 11:00;17;11.5;5.42
12/02/2025 12:00;29;12;5.66
12/02/2025 13:00;42;12.7;5.99
12/02/2025 14:00;41;13.3;6.27
12/02/2025 15:00;38;13.8;6.51
12/02/2025 16:00;32;14.2;6.7
12/02/2025 17:00;25;14.4;6.79
12/02/2025 18:00;20;14.6;6.89
12/02/2025 19:00;13;14.8;6.98
12/02/2025 20:00;16;15.2;7.17
12/02/2025 21:00;17;15.7;7.41
12/02/2025 22:00;14;16.3;7.69
12/02/2025 23:00;19;17;8.02
13/02/2025 0:00;17;17.4;8.21
13/02/2025 1:00;18;17.7;8.35
13/02/2025 2:00;9;17.6;8.3
13/02/2025 3:00;10;17.6;8.3
13/02/2025 4:00;8;17.5;8.25
13/02/2025 5:00;Sin data;17.4;8.21
13/02/2025 8:00;4;19;8.96
13/02/2025 9:00;14;19.5;9.2
13/02/2025 10:00;11;19.4;9.15
13/02/2025 11:00;12;19.2;9.06
13/02/2025 12:00;26;19;8.96
13/02/2025 13:00;27;18.3;8.63
13/02/2025 14:00;18;17.3;8.16
13/02/2025 15:00;21;16.6;7.83
13/02/2025 16:00;25;16.2;7.64
13/02/2025 17:00;9;15.5;7.31
13/02/2025 18:00;5;14.8;6.98
13/02/2025 19:00;Sin data;14.2;6.7
13/02/2025 23:00;1;13;6.13
14/02/2025 0:00;2;12.2;5.75
14/02/2025 1:00;5;11.5;5.42
14/02/2025 2:00;16;11.9;5.61
14/02/2025 3:00;2;11.5;5.42
14/02/2025 4:00;1;11.1;5.24
14/02/2025 5:00;4;11.3;5.33
14/02/2025 6:00;Sin data;10.8;5.09
14/02/2025 7:00;1;10.3;4.86
14/02/2025 8:00;2;10.3;4.86
14/02/2025 9:00;10;10;4.72
14/02/2025 10:00;18;10.4;4.91
14/02/2025 11:00;27;11.1;5.24
14/02/2025 12:00;32;11.3;5.33
14/02/2025 13:00;33;11.6;5.47
14/02/2025 14:00;31;12.2;5.75
14/02/2025 15:00;29;12.6;5.94
14/02/2025 16:00;30;12.8;6.04
14/02/2025 17:00;22;13.4;6.32
14/02/2025 18:00;18;14.1;6.65
14/02/2025 19:00;9;14.5;6.84
14/02/2025 20:00;13;14.4;6.79
14/02/2025 21:00;9;14.2;6.7
14/02/2025 22:00;1;13.7;6.46
14/02/2025 23:00;6;13.9;6.56
15/02/2025 0:00;2;13.9;6.56
15/02/2025 1:00;5;13.8;6.51
15/02/2025 2:00;4;13.3;6.27
15/02/2025 3:00;1;13.3;6.27
15/02/2025 4:00;2;13.3;6.27
15/02/2025 5:00;7;13.5;6.37
15/02/2025 6:00;4;13.6;6.42
15/02/2025 7:00;1;13.6;6.42
15/02/2025 8:00;7;13.8;6.51
15/02/2025 9:00;17;14.1;6.65
16/02/2025 8:00;3;Sin data;Sin data
16/02/2025 9:00;10;Sin data;Sin data
16/02/2025 10:00;20;Sin data;Sin data
16/02/2025 11:00;24;Sin data;Sin data
16/02/2025 12:00;30;Sin data;Sin data
16/02/2025 13:00;32;Sin data;Sin data
16/02/2025 14:00;38;Sin data;Sin data
16/02/2025 15:00;35;Sin data;Sin data
16/02/2025 16:00;31;Sin data;Sin data
16/02/2025 17:00;29;Sin data;Sin data
16/02/2025 18:00;23;Sin data;Sin data
16/02/2025 19:00;19;25;11.79
16/02/2025 20:00;13;24.1;11.37
16/02/2025 21:00;16;23.6;11.13
16/02/2025 22:00;17;23.2;10.94
16/02/2025 23:00;18;22.9;10.8
17/02/2025 0:00;18;22.6;10.66
17/02/2025 1:00;21;22.5;10.61
17/02/2025 2:00;19;22.3;10.52
17/02/2025 3:00;16;22.1;10.42
17/02/2025 4:00;15;21.7;10.24
17/02/2025 5:00;7;21.1;9.95
17/02/2025 6:00;2;20.3;9.58
17/02/2025 7:00;3;19.6;9.25
17/02/2025 8:00;1;19.5;9.2
17/02/2025 9:00;3;19.2;9.06
17/02/2025 10:00;15;19;8.96
17/02/2025 11:00;23;19;8.96
17/02/2025 12:00;34;19.1;9.01
17/02/2025 13:00;31;19.1;9.01
17/02/2025 14:00;38;19.1;9.01
17/02/2025 15:00;38;19.2;9.06
17/02/2025 16:00;26;19;8.96
17/02/2025 17:00;10;18.2;8.58
17/02/2025 18:00;24;18.2;8.58
17/02/2025 19:00;4;17.6;8.3
17/02/2025 20:00;3;17.2;8.11
17/02/2025 21:00;9;16.9;7.97
17/02/2025 22:00;11;16.7;7.88
17/02/2025 23:00;10;16.3;7.69
18/02/2025 0:00;10;16;7.55
18/02/2025 1:00;Sin data;15.2;7.17
18/02/2025 2:00;3;14.5;6.84
18/02/2025 3:00;8;14.2;6.7
18/02/2025 8:00;2;15.6;7.36
18/02/2025 9:00;19;16.4;7.74
18/02/2025 10:00;24;16.9;7.97
18/02/2025 11:00;28;17.2;8.11
18/02/2025 12:00;27;16.8;7.92
18/02/2025 13:00;33;16.9;7.97
18/02/2025 14:00;35;16.8;7.92
18/02/2025 15:00;28;16.3;7.69
18/02/2025 16:00;27;16.3;7.69
18/02/2025 17:00;23;17;8.02
18/02/2025 18:00;16;16.6;7.83
18/02/2025 19:00;8;16.8;7.92
18/02/2025 20:00;9;17.1;8.07
18/02/2025 21:00;6;16.9;7.97
18/02/2025 22:00;Sin data;16.4;7.74
19/02/2025 0:00;Sin data;17;8.02
19/02/2025 1:00;6;17.3;8.16
19/02/2025 2:00;18;18.1;8.54
19/02/2025 3:00;22;18.9;8.92
19/02/2025 4:00;1;18;8.49
19/02/2025 5:00;Sin data;17.1;8.07
19/02/2025 6:00;1;16.4;7.74
19/02/2025 7:00;Sin data;15.7;7.41
19/02/2025 8:00;8;16;7.55
19/02/2025 9:00;23;16.1;7.59
19/02/2025 10:00;24;16.1;7.59
19/02/2025 11:00;24;15.9;7.5
19/02/2025 12:00;23;15.7;7.41
19/02/2025 13:00;21;15.1;7.12
19/02/2025 14:00;20;14.4;6.79
19/02/2025 15:00;22;14.1;6.65
19/02/2025 16:00;23;14;6.6
19/02/2025 17:00;26;14.1;6.65
19/02/2025 18:00;23;14.5;6.84
19/02/2025 19:00;16;14.8;6.98
19/02/2025 20:00;8;14.8;6.98
19/02/2025 21:00;3;14.6;6.89
19/02/2025 22:00;6;14.9;7.03
19/02/2025 23:00;12;14.8;6.98
20/02/2025 0:00;15;14.8;6.98
20/02/2025 1:00;18;15.4;7.26
20/02/2025 2:00;16;15.3;7.22
20/02/2025 3:00;8;14.7;6.93
20/02/2025 4:00;2;14.7;6.93
20/02/2025 8:00;Sin data;16.3;7.69
20/02/2025 9:00;3;15.4;7.26
20/02/2025 10:00;13;14.9;7.03
20/02/2025 11:00;18;14.6;6.89
20/02/2025 14:00;26;14.1;6.65
20/02/2025 15:00;30;14.6;6.89
20/02/2025 16:00;29;14.9;7.03
20/02/2025 17:00;26;14.8;6.98
20/02/2025 18:00;21;14.7;6.93
20/02/2025 19:00;13;14.6;6.89
20/02/2025 20:00;Sin data;14.2;6.7
20/02/2025 21:00;9;14.5;6.84
20/02/2025 22:00;13;14.9;7.03
20/02/2025 23:00;6;14.6;6.89
21/02/2025 0:00;Sin data;13.8;6.51
21/02/2025 1:00;Sin data;12.8;6.04
21/02/2025 8:00;1;13.5;6.37
21/02/2025 9:00;9;13.9;6.56
21/02/2025 10:00;14;14;6.6
21/02/2025 11:00;17;13.9;6.56
21/02/2025 12:00;17;14.1;6.65
21/02/2025 13:00;19;14.4;6.79
21/02/2025 14:00;18;13.9;6.56
21/02/2025 15:00;17;13.2;6.23
21/02/2025 16:00;17;12.6;5.94
21/02/2025 17:00;15;12;5.66
21/02/2025 18:00;14;11.6;5.47
21/02/2025 19:00;11;11.5;5.42
21/02/2025 20:00;10;12;5.66
21/02/2025 21:00;10;12.1;5.71
21/02/2025 22:00;2;11.4;5.38
21/02/2025 23:00;5;11.4;5.38
22/02/2025 0:00;3;11.5;5.42
22/02/2025 1:00;Sin data;11.5;5.42
22/02/2025 2:00;Sin data;11.5;5.42
22/02/2025 3:00;Sin data;11.5;5.42
22/02/2025 9:00;Sin data;11.6;5.47
22/02/2025 10:00;1;10.8;5.09
22/02/2025 11:00;3;10;4.72
22/02/2025 12:00;5;9.3;4.39
22/02/2025 13:00;14;9;4.25
22/02/2025 14:00;16;8.9;4.2
22/02/2025 15:00;16;8.9;4.2
22/02/2025 16:00;17;8.9;4.2
22/02/2025 17:00;17;9;4.25
22/02/2025 18:00;10;8.8;4.15
22/02/2025 19:00;9;8.7;4.1
22/02/2025 20:00;9;8.6;4.06
22/02/2025 21:00;5;8.3;3.92
23/02/2025 1:00;5;9.6;4.53
23/02/2025 2:00;6;9.4;4.43
23/02/2025 3:00;7;9.3;4.39
23/02/2025 4:00;4;9;4.25
23/02/2025 5:00;1;8.6;4.06
23/02/2025 6:00;3;8.3;3.92
23/02/2025 7:00;1;8;3.77
23/02/2025 8:00;2;7.7;3.63
23/02/2025 9:00;2;7.8;3.68
23/02/2025 10:00;7;8.1;3.82
23/02/2025 11:00;12;8.5;4.01
23/02/2025 12:00;15;9;4.25
23/02/2025 13:00;16;9.1;4.29
23/02/2025 14:00;17;9.2;4.34
23/02/2025 15:00;19;9.3;4.39
23/02/2025 16:00;19;9.4;4.43
23/02/2025 17:00;19;9.5;4.48
23/02/2025 18:00;18;9.9;4.67
23/02/2025 19:00;13;10.1;4.76
23/02/2025 20:00;12;10.2;4.81
23/02/2025 21:00;13;10.6;5
23/02/2025 22:00;11;10.7;5.05
23/02/2025 23:00;7;10.5;4.95
24/02/2025 0:00;11;10.5;4.95
24/02/2025 1:00;4;10.5;4.95
24/02/2025 2:00;2;10.3;4.86
24/02/2025 3:00;1;10.1;4.76
24/02/2025 4:00;4;10.1;4.76
24/02/2025 5:00;5;10.3;4.86
24/02/2025 6:00;6;10.4;4.91
24/02/2025 7:00;9;10.7;5.05
24/02/2025 8:00;14;11.2;5.28
24/02/2025 9:00;17;11.9;5.61
24/02/2025 10:00;18;12.3;5.8
24/02/2025 11:00;19;12.6;5.94
24/02/2025 12:00;20;12.8;6.04
24/02/2025 13:00;22;13.1;6.18
24/02/2025 14:00;23;13.3;6.27
24/02/2025 15:00;24;13.5;6.37
24/02/2025 16:00;24;13.7;6.46
24/02/2025 17:00;20;13.7;6.46
24/02/2025 18:00;22;13.9;6.56
24/02/2025 19:00;14;13.9;6.56
24/02/2025 20:00;8;13.8;6.51
24/02/2025 21:00;11;13.7;6.46
24/02/2025 22:00;14;13.8;6.51
24/02/2025 23:00;15;14.1;6.65
25/02/2025 0:00;19;14.5;6.84
25/02/2025 1:00;10;14.7;6.93
25/02/2025 2:00;18;15.4;7.26
25/02/2025 3:00;12;15.8;7.45
25/02/2025 4:00;7;15.9;7.5
25/02/2025 5:00;2;15.8;7.45
25/02/2025 6:00;Sin data;15.5;7.31
25/02/2025 7:00;2;15.2;7.17
25/02/2025 8:00;11;15.1;7.12
25/02/2025 13:00;30;14.7;6.93
25/02/2025 14:00;30;15.1;7.12
25/02/2025 15:00;26;15.2;7.17
25/02/2025 16:00;23;15.2;7.17
25/02/2025 17:00;23;15.3;7.22
25/02/2025 18:00;16;15;7.08
25/02/2025 19:00;3;14.4;6.79
25/02/2025 20:00;Sin data;14;6.6
26/02/2025 0:00;Sin data;12.9;6.08
26/02/2025 1:00;2;12.4;5.85
26/02/2025 2:00;1;11.4;5.38
26/02/2025 3:00;2;10.8;5.09
26/02/2025 4:00;Sin data;10.4;4.91
26/02/2025 5:00;Sin data;10.9;5.14
26/02/2025 6:00;Sin data;11.6;5.47
26/02/2025 7:00;Sin data;12.3;5.8
26/02/2025 8:00;Sin data;11.5;5.42
26/02/2025 9:00;7;11.3;5.33
26/02/2025 10:00;21;11.9;5.61
26/02/2025 11:00;24;12.7;5.99
26/02/2025 12:00;28;13.5;6.37
26/02/2025 13:00;32;13.6;6.42
26/02/2025 14:00;38;14.1;6.65
26/02/2025 15:00;43;15;7.08
26/02/2025 16:00;41;16;7.55
26/02/2025 17:00;38;16.9;7.97
26/02/2025 18:00;29;17.6;8.3
26/02/2025 19:00;23;18.7;8.82
26/02/2025 20:00;17;19.7;9.29
26/02/2025 21:00;19;19.6;9.25
26/02/2025 22:00;13;19.3;9.1
26/02/2025 23:00;5;18.6;8.77
27/02/2025 0:00;4;18.8;8.87
27/02/2025 2:00;4;19.8;9.34
27/02/2025 3:00;9;20.2;9.53
27/02/2025 4:00;5;20.4;9.62
27/02/2025 5:00;Sin data;19.5;9.2
27/02/2025 8:00;3;19.6;9.25
27/02/2025 9:00;9;19.7;9.29
27/02/2025 10:00;24;19.9;9.39
27/02/2025 11:00;23;19.8;9.34
27/02/2025 12:00;22;19.6;9.25
27/02/2025 13:00;35;19.7;9.29
27/02/2025 14:00;44;20;9.43
27/02/2025 15:00;42;19.9;9.39
27/02/2025 16:00;35;19.6;9.25
27/02/2025 17:00;33;19.4;9.15
27/02/2025 18:00;22;19;8.96
27/02/2025 19:00;8;18.3;8.63
27/02/2025 20:00;13;18.1;8.54
27/02/2025 21:00;19;18.1;8.54
27/02/2025 22:00;2;17.6;8.3
27/02/2025 23:00;2;17.5;8.25
28/02/2025 0:00;7;17.7;8.35
28/02/2025 1:00;4;17.1;8.07
28/02/2025 2:00;6;17.2;8.11
28/02/2025 3:00;Sin data;16.8;7.92
28/02/2025 8:00;Sin data;18;8.49
28/02/2025 9:00;9;18;8.49
28/02/2025 10:00;22;17.9;8.44
28/02/2025 11:00;28;18.1;8.54
28/02/2025 12:00;40;19;8.96
28/02/2025 13:00;60;20.2;9.53
28/02/2025 14:00;55;20.8;9.81
28/02/2025 15:00;44;20.9;9.86
28/02/2025 16:00;39;21.2;10
28/02/2025 17:00;40;21.5;10.14
28/02/2025 18:00;32;22;10.38
28/02/2025 19:00;23;22.8;10.75
28/02/2025 20:00;21;23.2;10.94
28/02/2025 21:00;13;22.9;10.8
28/02/2025 22:00;18;23.7;11.18
28/02/2025 23:00;19;24.5;11.56
1/03/2025 0:00;9;24.6;11.6
1/03/2025 1:00;1;24.5;11.56
1/03/2025 2:00;13;24.9;11.75
1/03/2025 3:00;9;25.3;11.93
1/03/2025 5:00;Sin data;24.1;11.37
1/03/2025 6:00;3;23.2;10.94
1/03/2025 7:00;12;22.7;10.71
1/03/2025 8:00;16;23.4;11.04
1/03/2025 9:00;27;24.2;11.42
1/03/2025 10:00;32;24.6;11.6
1/03/2025 11:00;35;25;11.79
1/03/2025 12:00;42;25.1;11.84
1/03/2025 13:00;48;24.5;11.56
1/03/2025 14:00;47;24.2;11.42
1/03/2025 15:00;44;24.2;11.42
1/03/2025 16:00;37;24.1;11.37
1/03/2025 17:00;33;23.8;11.23
1/03/2025 18:00;33;23.8;11.23
1/03/2025 19:00;21;23.7;11.18
1/03/2025 20:00;15;23.4;11.04
1/03/2025 21:00;12;23.4;11.04
1/03/2025 22:00;17;23.4;11.04
1/03/2025 23:00;21;23.5;11.08
2/03/2025 0:00;22;24.1;11.37
2/03/2025 1:00;12;24.5;11.56
2/03/2025 2:00;17;24.7;11.65
2/03/2025 3:00;18;25.1;11.84
2/03/2025 4:00;20;24.9;11.75
2/03/2025 5:00;4;25;11.79
2/03/2025 6:00;Sin data;24.9;11.75
2/03/2025 8:00;5;24.9;11.75
2/03/2025 9:00;20;24.6;11.6
2/03/2025 10:00;33;24.7;11.65
2/03/2025 11:00;39;24.8;11.7
2/03/2025 12:00;42;24.9;11.75
2/03/2025 13:00;50;25;11.79
2/03/2025 14:00;48;25;11.79
2/03/2025 15:00;48;25.2;11.89
2/03/2025 16:00;45;25.5;12.03
2/03/2025 17:00;34;25.6;12.08
2/03/2025 18:00;29;25.4;11.98
2/03/2025 19:00;27;25.6;12.08
2/03/2025 20:00;13;25.6;12.08
2/03/2025 21:00;3;25.2;11.89
2/03/2025 22:00;7;24.7;11.65
2/03/2025 23:00;18;24.6;11.6
3/03/2025 0:00;20;24.5;11.56
3/03/2025 1:00;17;24.7;11.65
3/03/2025 2:00;22;24.9;11.75
3/03/2025 3:00;25;25.2;11.89
3/03/2025 4:00;18;25.1;11.84
3/03/2025 5:00;10;25.4;11.98
3/03/2025 6:00;3;25.5;12.03
3/03/2025 8:00;1;25.3;11.93
3/03/2025 9:00;5;24.7;11.65
3/03/2025 10:00;4;23.4;11.04
3/03/2025 11:00;14;22.4;10.57
3/03/2025 12:00;22;21.5;10.14
3/03/2025 13:00;35;20.8;9.81
3/03/2025 14:00;29;20;9.43
3/03/2025 15:00;25;19;8.96
3/03/2025 16:00;28;18.3;8.63
3/03/2025 17:00;27;18;8.49
3/03/2025 18:00;16;17.4;8.21
3/03/2025 19:00;15;16.9;7.97
3/03/2025 20:00;12;16.8;7.92
3/03/2025 21:00;1;16.7;7.88
4/03/2025 0:00;Sin data;16.2;7.64
4/03/2025 1:00;6;15.7;7.41
4/03/2025 2:00;14;15.3;7.22
4/03/2025 3:00;5;14.3;6.75
4/03/2025 4:00;Sin data;13.5;6.37
4/03/2025 7:00;Sin data;13.5;6.37
4/03/2025 8:00;Sin data;13.5;6.37
4/03/2025 9:00;2;13.3;6.27
4/03/2025 10:00;9;13.6;6.42
4/03/2025 11:00;16;13.7;6.46
4/03/2025 12:00;21;13.6;6.42
4/03/2025 13:00;30;13.4;6.32
4/03/2025 14:00;25;13.2;6.23
4/03/2025 15:00;19;12.9;6.08
4/03/2025 16:00;12;12.1;5.71
4/03/2025 17:00;16;11.5;5.42
4/03/2025 18:00;10;11.2;5.28
4/03/2025 19:00;Sin data;10.4;4.91
4/03/2025 22:00;7;10.6;5
4/03/2025 23:00;17;10.9;5.14
5/03/2025 0:00;16;11.8;5.57
5/03/2025 1:00;5;11.7;5.52
5/03/2025 2:00;3;11.2;5.28
5/03/2025 8:00;1;12.8;6.04
5/03/2025 9:00;4;12.9;6.08
5/03/2025 10:00;18;13.4;6.32
5/03/2025 11:00;40;14.8;6.98
5/03/2025 12:00;37;15.7;7.41
5/03/2025 13:00;44;16.5;7.78
5/03/2025 14:00;31;16.9;7.97
5/03/2025 15:00;28;17.4;8.21
5/03/2025 16:00;29;18.4;8.68
5/03/2025 18:00;17;19;8.96
5/03/2025 19:00;15;20;9.43
5/03/2025 20:00;7;19.2;9.06
5/03/2025 21:00;6;18.5;8.73
5/03/2025 22:00;4;18.3;8.63
5/03/2025 23:00;3;17.5;8.25
6/03/2025 0:00;10;17.2;8.11
6/03/2025 1:00;18;17.9;8.44
6/03/2025 2:00;14;18.5;8.73
6/03/2025 3:00;19;18.5;8.73
6/03/2025 4:00;16;18.5;8.73
6/03/2025 5:00;12;18.2;8.58
6/03/2025 6:00;4;17.5;8.25
6/03/2025 7:00;2;16.9;7.97
6/03/2025 8:00;7;17.2;8.11
6/03/2025 9:00;9;17.4;8.21
6/03/2025 10:00;22;17.6;8.3
6/03/2025 11:00;23;16.9;7.97
6/03/2025 12:00;20;16.1;7.59
6/03/2025 13:00;25;15.3;7.22
6/03/2025 14:00;25;15;7.08
6/03/2025 15:00;22;14.8;6.98
6/03/2025 16:00;21;14.4;6.79
6/03/2025 17:00;13;14.4;6.79
6/03/2025 18:00;8;14;6.6
6/03/2025 21:00;8;14.3;6.75
6/03/2025 22:00;4;14.4;6.79
7/03/2025 9:00;1;16.5;7.78
7/03/2025 10:00;6;15.2;7.17
7/03/2025 11:00;26;15.4;7.26
7/03/2025 12:00;34;16.6;7.83
7/03/2025 13:00;38;17.6;8.3
7/03/2025 14:00;27;17.7;8.35
7/03/2025 15:00;29;18.3;8.63
7/03/2025 16:00;32;19.2;9.06
7/03/2025 17:00;28;20.4;9.62
7/03/2025 18:00;27;22;10.38
7/03/2025 19:00;19;21.8;10.28
7/03/2025 20:00;10;21;9.91
7/03/2025 21:00;10;21.1;9.95
7/03/2025 22:00;23;22.5;10.61
7/03/2025 23:00;20;22.4;10.57
8/03/2025 0:00;2;21.1;9.95
8/03/2025 1:00;3;20.1;9.48
8/03/2025 2:00;16;19.9;9.39
8/03/2025 3:00;2;19;8.96
8/03/2025 4:00;Sin data;19;8.96
8/03/2025 5:00;2;18.2;8.58
8/03/2025 6:00;3;17.5;8.25
8/03/2025 7:00;1;16.8;7.92
8/03/2025 8:00;2;16.1;7.59
8/03/2025 9:00;7;16.4;7.74
8/03/2025 10:00;19;16.9;7.97
8/03/2025 11:00;29;17.1;8.07
8/03/2025 12:00;28;16.8;7.92
8/03/2025 13:00;41;17;8.02
8/03/2025 14:00;38;17.5;8.25
8/03/2025 15:00;36;17.8;8.4
8/03/2025 16:00;34;17.9;8.44
8/03/2025 17:00;37;18.3;8.63
8/03/2025 18:00;26;18.3;8.63
8/03/2025 19:00;6;17.7;8.35
8/03/2025 20:00;3;17.4;8.21
8/03/2025 21:00;4;17.2;8.11
8/03/2025 22:00;7;16.4;7.74
8/03/2025 23:00;4;15.8;7.45
9/03/2025 0:00;6;15.9;7.5
9/03/2025 1:00;12;16.3;7.69
9/03/2025 2:00;17;16.4;7.74
9/03/2025 3:00;11;16.7;7.88
9/03/2025 4:00;3;16.2;7.64
9/03/2025 5:00;3;16.2;7.64
9/03/2025 7:00;Sin data;16.7;7.88
9/03/2025 8:00;2;16.7;7.88
9/03/2025 9:00;13;17;8.02
9/03/2025 10:00;27;17.3;8.16
9/03/2025 11:00;38;17.7;8.35
9/03/2025 12:00;43;18.3;8.63
9/03/2025 13:00;49;18.7;8.82
9/03/2025 14:00;53;19.3;9.1
9/03/2025 15:00;44;19.7;9.29
9/03/2025 16:00;34;19.7;9.29
9/03/2025 17:00;38;19.7;9.29
9/03/2025 18:00;30;19.9;9.39
9/03/2025 19:00;21;20.6;9.72
9/03/2025 20:00;15;21.1;9.95
9/03/2025 21:00;8;21.3;10.05
9/03/2025 22:00;9;21.3;10.05
9/03/2025 23:00;4;21.3;10.05
10/03/2025 0:00;1;21.1;9.95
10/03/2025 1:00;Sin data;20.6;9.72
10/03/2025 3:00;3;20.4;9.62
10/03/2025 4:00;2;20.3;9.58
10/03/2025 7:00;Sin data;21.1;9.95
10/03/2025 8:00;5;21.3;10.05
10/03/2025 9:00;25;21.8;10.28
10/03/2025 10:00;35;22.2;10.47
10/03/2025 11:00;36;22.1;10.42
10/03/2025 12:00;39;22;10.38
10/03/2025 13:00;47;21.9;10.33
10/03/2025 14:00;51;21.8;10.28
10/03/2025 15:00;48;21.9;10.33
10/03/2025 16:00;46;22.5;10.61
10/03/2025 17:00;34;22.3;10.52
10/03/2025 18:00;27;22.2;10.47
10/03/2025 19:00;24;22.3;10.52
10/03/2025 20:00;27;22.9;10.8
10/03/2025 21:00;12;23.1;10.9
10/03/2025 22:00;14;23.3;10.99
10/03/2025 23:00;10;23.6;11.13
11/03/2025 7:00;Sin data;28.8;13.58
11/03/2025 8:00;1;28.5;13.44
11/03/2025 9:00;6;27.5;12.97
11/03/2025 10:00;10;26;12.26
11/03/2025 11:00;20;25;11.79
11/03/2025 12:00;27;24.3;11.46
11/03/2025 13:00;35;23.7;11.18
11/03/2025 14:00;41;23.1;10.9
11/03/2025 15:00;38;22.5;10.61
11/03/2025 16:00;30;21.5;10.14
11/03/2025 17:00;25;21;9.91
11/03/2025 18:00;21;20.6;9.72
11/03/2025 19:00;12;19.9;9.39
11/03/2025 20:00;15;19.2;9.06
11/03/2025 21:00;13;19.3;9.1
11/03/2025 22:00;13;19.2;9.06
11/03/2025 23:00;15;19.5;9.2
12/03/2025 0:00;15;19.3;9.1
12/03/2025 1:00;20;19.4;9.15
12/03/2025 2:00;23;19.6;9.25
12/03/2025 3:00;21;19.7;9.29
12/03/2025 4:00;20;19.7;9.29
12/03/2025 5:00;18;19.7;9.29
12/03/2025 6:00;11;19.3;9.1
12/03/2025 7:00;15;20;9.43
12/03/2025 8:00;4;20.1;9.48
12/03/2025 9:00;14;20.4;9.62
12/03/2025 10:00;19;20.8;9.81
12/03/2025 11:00;24;20.9;9.86
12/03/2025 12:00;27;20.9;9.86
12/03/2025 13:00;27;20.6;9.72
12/03/2025 14:00;29;20.1;9.48
12/03/2025 15:00;29;19.7;9.29
12/03/2025 16:00;30;19.8;9.34
12/03/2025 17:00;19;19.5;9.2
12/03/2025 18:00;17;19.3;9.1
12/03/2025 20:00;5;19.2;9.06
12/03/2025 21:00;Sin data;18.6;8.77
12/03/2025 22:00;4;18.2;8.58
12/03/2025 23:00;2;17.6;8.3
13/03/2025 0:00;2;17;8.02
13/03/2025 1:00;3;16.3;7.69
13/03/2025 2:00;11;15.7;7.41
13/03/2025 3:00;6;15.1;7.12
13/03/2025 4:00;4;14.4;6.79
13/03/2025 5:00;6;13.9;6.56
13/03/2025 6:00;5;13.6;6.42
13/03/2025 7:00;1;13;6.13
13/03/2025 8:00;1;12.9;6.08
13/03/2025 9:00;5;12.5;5.9
13/03/2025 10:00;20;12.6;5.94
13/03/2025 11:00;25;12.6;5.94
13/03/2025 12:00;27;12.6;5.94
13/03/2025 13:00;27;12.6;5.94
13/03/2025 14:00;31;12.7;5.99
13/03/2025 15:00;34;12.9;6.08
13/03/2025 16:00;31;12.9;6.08
13/03/2025 17:00;29;13.4;6.32
13/03/2025 18:00;24;13.7;6.46
13/03/2025 19:00;17;13.8;6.51
13/03/2025 20:00;9;14;6.6
13/03/2025 21:00;13;14.6;6.89
13/03/2025 22:00;4;14.6;6.89
13/03/2025 23:00;9;14.9;7.03
14/03/2025 0:00;12;15.3;7.22
14/03/2025 1:00;3;15.3;7.22
14/03/2025 2:00;3;15;7.08
14/03/2025 3:00;7;15;7.08
14/03/2025 4:00;13;15.4;7.26
14/03/2025 5:00;8;15.5;7.31
14/03/2025 6:00;12;15.8;7.45
14/03/2025 7:00;14;16.3;7.69
14/03/2025 8:00;13;16.8;7.92
14/03/2025 9:00;15;17.2;8.11
14/03/2025 10:00;22;17.3;8.16
14/03/2025 13:00;31;16.7;7.88
14/03/2025 14:00;31;16.7;7.88
14/03/2025 15:00;30;16.5;7.78
14/03/2025 16:00;30;16.5;7.78
14/03/2025 17:00;26;16.3;7.69
14/03/2025 18:00;16;16;7.55
14/03/2025 19:00;15;15.9;7.5
14/03/2025 20:00;17;16.2;7.64
14/03/2025 21:00;14;16.2;7.64
14/03/2025 22:00;9;16.5;7.78
14/03/2025 23:00;7;16.4;7.74
15/03/2025 0:00;9;16.2;7.64
15/03/2025 1:00;13;16.7;7.88
15/03/2025 2:00;4;16.7;7.88
15/03/2025 3:00;3;16.5;7.78
15/03/2025 4:00;4;16.1;7.59
15/03/2025 5:00;5;16;7.55
15/03/2025 6:00;5;15.6;7.36
15/03/2025 7:00;17;15.8;7.45
15/03/2025 8:00;12;15.8;7.45
15/03/2025 9:00;24;16.1;7.59
15/03/2025 10:00;32;16.6;7.83
15/03/2025 11:00;34;17.4;8.21
15/03/2025 12:00;33;18.1;8.54
15/03/2025 13:00;31;18.1;8.54
15/03/2025 14:00;28;17.9;8.44
15/03/2025 15:00;28;17.8;8.4
15/03/2025 16:00;28;17.7;8.35
15/03/2025 17:00;26;17.7;8.35
15/03/2025 18:00;22;18;8.49
15/03/2025 19:00;17;18.1;8.54
15/03/2025 20:00;6;17.7;8.35
15/03/2025 21:00;15;17.7;8.35
15/03/2025 22:00;22;18.3;8.63
15/03/2025 23:00;5;18.2;8.58
16/03/2025 0:00;2;17.9;8.44
16/03/2025 1:00;5;17.5;8.25
16/03/2025 2:00;10;17.8;8.4
16/03/2025 3:00;6;17.9;8.44
16/03/2025 4:00;2;17.8;8.4
16/03/2025 5:00;6;17.9;8.44
16/03/2025 6:00;8;18;8.49
16/03/2025 7:00;4;17.5;8.25
16/03/2025 8:00;7;17.3;8.16
16/03/2025 9:00;16;16.9;7.97
16/03/2025 10:00;22;16.5;7.78
16/03/2025 11:00;25;16.1;7.59
16/03/2025 12:00;25;15.8;7.45
16/03/2025 13:00;24;15.5;7.31
16/03/2025 14:00;24;15.3;7.22
16/03/2025 15:00;18;14.9;7.03
16/03/2025 16:00;27;14.8;6.98
16/03/2025 17:00;24;14.7;6.93
16/03/2025 18:00;19;14.6;6.89
16/03/2025 19:00;10;14.3;6.75
16/03/2025 20:00;10;14.5;6.84
16/03/2025 21:00;5;14.1;6.65
16/03/2025 22:00;4;13.3;6.27
16/03/2025 23:00;1;13.2;6.23
17/03/2025 0:00;6;13.3;6.27
17/03/2025 1:00;4;13.3;6.27
17/03/2025 2:00;1;12.9;6.08
17/03/2025 3:00;Sin data;12.7;5.99
17/03/2025 4:00;4;12.8;6.04
17/03/2025 5:00;1;12.6;5.94
17/03/2025 6:00;Sin data;12.3;5.8
17/03/2025 7:00;Sin data;12.1;5.71
17/03/2025 8:00;Sin data;11.8;5.57
17/03/2025 9:00;4;11.3;5.33
17/03/2025 10:00;11;10.8;5.09
17/03/2025 11:00;10;10.2;4.81
17/03/2025 12:00;12;9.7;4.58
17/03/2025 13:00;11;9.2;4.34
17/03/2025 14:00;13;8.7;4.1
17/03/2025 15:00;14;8.5;4.01
17/03/2025 16:00;16;8.1;3.82
17/03/2025 17:00;18;7.9;3.73
17/03/2025 18:00;15;7.7;3.63
17/03/2025 19:00;11;7.7;3.63
17/03/2025 20:00;1;7.3;3.44
17/03/2025 21:00;Sin data;7.1;3.35
17/03/2025 22:00;Sin data;7;3.3
17/03/2025 23:00;4;7.1;3.35
18/03/2025 0:00;7;7.1;3.35
18/03/2025 1:00;6;7.2;3.4
18/03/2025 2:00;6;7.4;3.49
18/03/2025 3:00;4;7.5;3.54
18/03/2025 4:00;4;7.5;3.54
18/03/2025 5:00;3;7.6;3.58
18/03/2025 6:00;Sin data;7.6;3.58
18/03/2025 7:00;Sin data;7.6;3.58
18/03/2025 8:00;1;7.6;3.58
18/03/2025 9:00;3;7.6;3.58
18/03/2025 10:00;12;7.7;3.63
18/03/2025 11:00;30;8.5;4.01
18/03/2025 12:00;27;9.1;4.29
18/03/2025 13:00;11;9.1;4.29
18/03/2025 14:00;10;9;4.25
18/03/2025 15:00;11;8.8;4.15
18/03/2025 16:00;12;8.7;4.1
18/03/2025 17:00;14;8.5;4.01
18/03/2025 18:00;15;8.5;4.01
18/03/2025 19:00;6;8.3;3.92
18/03/2025 20:00;6;8.5;4.01
18/03/2025 21:00;8;8.8;4.15
18/03/2025 22:00;5;9;4.25
18/03/2025 23:00;5;9.1;4.29
19/03/2025 0:00;Sin data;8.8;4.15
19/03/2025 1:00;5;8.7;4.1
19/03/2025 2:00;13;9.1;4.29
19/03/2025 3:00;9;9.2;4.34
19/03/2025 4:00;2;9.1;4.29
19/03/2025 5:00;Sin data;9;4.25
19/03/2025 6:00;Sin data;9;4.25
19/03/2025 7:00;Sin data;9;4.25
19/03/2025 8:00;1;9;4.25
19/03/2025 9:00;10;9.3;4.39
19/03/2025 10:00;19;9.6;4.53
19/03/2025 11:00;21;9.3;4.39
19/03/2025 12:00;22;9.1;4.29
19/03/2025 13:00;24;9.6;4.53
19/03/2025 14:00;23;10.2;4.81
19/03/2025 15:00;19;10.5;4.95
19/03/2025 16:00;14;10.6;5
19/03/2025 17:00;16;10.7;5.05
19/03/2025 18:00;15;10.7;5.05
19/03/2025 19:00;Sin data;10.5;4.95
19/03/2025 20:00;Sin data;10.2;4.81
19/03/2025 21:00;5;10.1;4.76
19/03/2025 22:00;1;10;4.72
19/03/2025 23:00;1;9.8;4.62
20/03/2025 0:00;6;10.1;4.76
20/03/2025 1:00;14;10.5;4.95
20/03/2025 2:00;13;10.5;4.95
20/03/2025 3:00;11;10.5;4.95
20/03/2025 4:00;12;10.9;5.14
20/03/2025 5:00;11;11.4;5.38
20/03/2025 6:00;10;11.8;5.57
20/03/2025 7:00;6;12.1;5.71
20/03/2025 8:00;11;12.5;5.9
20/03/2025 9:00;15;12.7;5.99
20/03/2025 10:00;16;12.5;5.9
20/03/2025 11:00;16;12.3;5.8
20/03/2025 13:00;15;11.4;5.38
20/03/2025 14:00;15;11.1;5.24
20/03/2025 15:00;16;10.9;5.14
20/03/2025 16:00;13;10.9;5.14
20/03/2025 17:00;13;10.7;5.05
20/03/2025 18:00;12;10.6;5
20/03/2025 19:00;9;11;5.19
20/03/2025 20:00;9;11.4;5.38
20/03/2025 21:00;10;11.5;5.42
20/03/2025 22:00;10;11.9;5.61
20/03/2025 23:00;9;12.3;5.8
21/03/2025 0:00;11;12.5;5.9
21/03/2025 1:00;10;12.3;5.8
21/03/2025 2:00;3;11.9;5.61
21/03/2025 3:00;6;11.7;5.52
21/03/2025 4:00;8;11.5;5.42
21/03/2025 5:00;1;11.1;5.24
21/03/2025 6:00;4;10.8;5.09
21/03/2025 7:00;7;10.8;5.09
21/03/2025 8:00;8;10.7;5.05
21/03/2025 9:00;11;10.5;4.95
21/03/2025 10:00;12;10.4;4.91
21/03/2025 11:00;14;10.3;4.86
21/03/2025 12:00;15;10.5;4.95
21/03/2025 13:00;16;10.5;4.95
21/03/2025 14:00;17;10.6;5
21/03/2025 15:00;16;10.6;5
21/03/2025 16:00;17;10.8;5.09
21/03/2025 17:00;17;11;5.19
21/03/2025 18:00;13;11.1;5.24
21/03/2025 19:00;11;11.2;5.28
21/03/2025 20:00;12;11.3;5.33
21/03/2025 21:00;9;11.3;5.33
21/03/2025 22:00;10;11.2;5.28
21/03/2025 23:00;12;11.4;5.38
22/03/2025 0:00;14;11.5;5.42
22/03/2025 1:00;17;11.8;5.57
22/03/2025 2:00;10;12.1;5.71
22/03/2025 3:00;19;12.6;5.94
22/03/2025 4:00;20;13.1;6.18
22/03/2025 5:00;19;13.9;6.56
22/03/2025 6:00;19;14.5;6.84
22/03/2025 7:00;18;14.9;7.03
22/03/2025 8:00;23;15.6;7.36
22/03/2025 9:00;24;16.1;7.59
22/03/2025 10:00;28;16.8;7.92
22/03/2025 11:00;29;17.4;8.21
22/03/2025 12:00;28;18;8.49
22/03/2025 13:00;29;18.5;8.73
22/03/2025 14:00;31;19.1;9.01
22/03/2025 15:00;30;19.7;9.29
22/03/2025 16:00;29;20.2;9.53
22/03/2025 17:00;29;20.7;9.76
22/03/2025 18:00;27;21.3;10.05
22/03/2025 19:00;21;21.7;10.24
22/03/2025 20:00;21;22.1;10.42
22/03/2025 21:00;19;22.5;10.61
22/03/2025 22:00;16;22.8;10.75
22/03/2025 23:00;13;22.8;10.75
23/03/2025 0:00;2;22.3;10.52
23/03/2025 1:00;18;22.3;10.52
23/03/2025 2:00;29;23.2;10.94
23/03/2025 3:00;22;23.3;10.99
23/03/2025 4:00;24;23.5;11.08
23/03/2025 5:00;27;23.8;11.23
23/03/2025 6:00;27;24.1;11.37
23/03/2025 7:00;21;24.3;11.46
23/03/2025 8:00;27;24.5;11.56
23/03/2025 9:00;27;24.6;11.6
23/03/2025 10:00;31;24.7;11.65
23/03/2025 11:00;28;24.6;11.6
23/03/2025 12:00;28;24.6;11.6
23/03/2025 13:00;29;24.6;11.6
23/03/2025 14:00;28;24.4;11.51
23/03/2025 15:00;29;24.4;11.51
23/03/2025 16:00;31;24.4;11.51
23/03/2025 17:00;31;24.5;11.56
23/03/2025 18:00;29;24.6;11.6
23/03/2025 19:00;27;24.8;11.7
23/03/2025 20:00;27;25.1;11.84
23/03/2025 21:00;24;25.3;11.93
23/03/2025 22:00;25;25.6;12.08
23/03/2025 23:00;25;26.1;12.31
24/03/2025 0:00;23;27;12.74
24/03/2025 1:00;25;27.3;12.88
24/03/2025 2:00;14;26.7;12.59
24/03/2025 3:00;13;26.3;12.41
24/03/2025 4:00;2;25.4;11.98
24/03/2025 5:00;10;24.7;11.65
24/03/2025 6:00;13;24.1;11.37
24/03/2025 7:00;13;23.7;11.18
24/03/2025 8:00;18;23.4;11.04
24/03/2025 9:00;27;23.4;11.04
24/03/2025 10:00;29;23.3;10.99
24/03/2025 11:00;29;23.3;10.99
24/03/2025 12:00;28;23.4;11.04
24/03/2025 13:00;28;23.3;10.99
24/03/2025 14:00;27;23.3;10.99
24/03/2025 15:00;27;23.2;10.94
24/03/2025 16:00;28;23.1;10.9
24/03/2025 17:00;29;23;10.85
24/03/2025 18:00;22;22.8;10.75
24/03/2025 19:00;15;22.3;10.52
24/03/2025 20:00;17;21.9;10.33
24/03/2025 21:00;20;21.7;10.24
24/03/2025 22:00;17;21.3;10.05
24/03/2025 23:00;1;20.3;9.58
25/03/2025 0:00;1;19.4;9.15
25/03/2025 1:00;Sin data;18.3;8.63
25/03/2025 2:00;Sin data;17.8;8.4
25/03/2025 3:00;Sin data;17.2;8.11
25/03/2025 4:00;Sin data;17.2;8.11
25/03/2025 5:00;Sin data;16.8;7.92
25/03/2025 6:00;Sin data;16.3;7.69
25/03/2025 7:00;1;15.7;7.41
25/03/2025 8:00;3;15.1;7.12
25/03/2025 9:00;9;14.3;6.75
25/03/2025 10:00;18;13.9;6.56
25/03/2025 11:00;23;13.6;6.42
25/03/2025 12:00;21;13.3;6.27
25/03/2025 13:00;24;13.1;6.18
25/03/2025 14:00;35;13.4;6.32
25/03/2025 15:00;34;13.7;6.46
25/03/2025 16:00;32;13.9;6.56
25/03/2025 17:00;28;13.8;6.51
25/03/2025 18:00;22;13.8;6.51
25/03/2025 19:00;16;13.9;6.56
25/03/2025 20:00;15;13.8;6.51
25/03/2025 21:00;17;13.7;6.46
25/03/2025 22:00;9;13.4;6.32
25/03/2025 23:00;1;13.4;6.32
26/03/2025 0:00;Sin data;13.3;6.27
26/03/2025 1:00;Sin data;13.3;6.27
26/03/2025 2:00;Sin data;13.4;6.32
26/03/2025 3:00;Sin data;13.4;6.32
26/03/2025 4:00;Sin data;13.4;6.32
26/03/2025 5:00;Sin data;13.4;6.32
26/03/2025 6:00;Sin data;13.4;6.32
26/03/2025 7:00;1;13.3;6.27
26/03/2025 8:00;2;13.3;6.27
26/03/2025 9:00;5;13.2;6.23
26/03/2025 10:00;16;13.1;6.18
26/03/2025 11:00;30;13.4;6.32
26/03/2025 12:00;41;14.2;6.7
26/03/2025 13:00;48;15.3;7.22
26/03/2025 14:00;46;15.8;7.45
26/03/2025 15:00;46;16.2;7.64
26/03/2025 16:00;38;16.5;7.78
26/03/2025 17:00;32;16.7;7.88
26/03/2025 18:00;23;16.7;7.88
26/03/2025 19:00;19;16.8;7.92
26/03/2025 20:00;20;17;8.02
26/03/2025 21:00;16;17;8.02
26/03/2025 22:00;9;17;8.02
26/03/2025 23:00;13;17.5;8.25
27/03/2025 0:00;16;18.2;8.58
27/03/2025 1:00;9;18.5;8.73
27/03/2025 2:00;10;18.9;8.92
27/03/2025 3:00;16;19.5;9.2
27/03/2025 4:00;3;19.6;9.25
27/03/2025 5:00;Sin data;19.6;9.25
27/03/2025 6:00;Sin data;19.6;9.25
27/03/2025 7:00;7;19.9;9.39
27/03/2025 8:00;21;20.7;9.76
27/03/2025 9:00;28;21.6;10.19
27/03/2025 10:00;32;22.3;10.52
27/03/2025 11:00;33;22.4;10.57
27/03/2025 12:00;33;22.1;10.42
27/03/2025 13:00;34;21.5;10.14
27/03/2025 14:00;33;20.9;9.86
27/03/2025 15:00;32;20.3;9.58
27/03/2025 16:00;32;20.1;9.48
27/03/2025 17:00;36;20.2;9.53
27/03/2025 18:00;24;20.3;9.58
27/03/2025 19:00;14;20.1;9.48
27/03/2025 20:00;19;20;9.43
27/03/2025 21:00;9;19.7;9.29
27/03/2025 22:00;13;19.9;9.39
27/03/2025 23:00;2;19.4;9.15
28/03/2025 0:00;2;18.9;8.92
28/03/2025 1:00;Sin data;18.5;8.73
28/03/2025 2:00;4;18.3;8.63
28/03/2025 3:00;17;18.3;8.63
28/03/2025 4:00;26;19.3;9.1
28/03/2025 5:00;24;20.3;9.58
28/03/2025 6:00;23;21.3;10.05
28/03/2025 7:00;20;21.9;10.33
28/03/2025 8:00;29;22.2;10.47
28/03/2025 9:00;32;22.4;10.57
28/03/2025 10:00;34;22.5;10.61
28/03/2025 11:00;32;22.4;10.57
28/03/2025 12:00;32;22.4;10.57
28/03/2025 13:00;39;22.6;10.66
28/03/2025 14:00;45;23.1;10.9
28/03/2025 15:00;41;23.5;11.08
28/03/2025 16:00;37;23.7;11.18
28/03/2025 17:00;33;23.6;11.13
28/03/2025 18:00;26;23.6;11.13
28/03/2025 19:00;25;24.1;11.37
28/03/2025 20:00;13;23.9;11.27
28/03/2025 21:00;7;23.8;11.23
28/03/2025 22:00;3;23.3;10.99
28/03/2025 23:00;3;23.4;11.04
29/03/2025 0:00;9;23.6;11.13
29/03/2025 1:00;7;23.9;11.27
29/03/2025 2:00;1;23.8;11.23
29/03/2025 3:00;7;23.4;11.04
29/03/2025 4:00;12;22.8;10.75
29/03/2025 5:00;10;22.2;10.47
29/03/2025 6:00;11;21.7;10.24
29/03/2025 7:00;10;21.3;10.05
29/03/2025 8:00;9;20.4;9.62
29/03/2025 9:00;19;19.9;9.39
29/03/2025 10:00;31;19.8;9.34
29/03/2025 11:00;43;20.2;9.53
29/03/2025 12:00;39;20.5;9.67
29/03/2025 13:00;42;20.7;9.76
29/03/2025 14:00;53;21;9.91
29/03/2025 15:00;45;21.1;9.95
29/03/2025 16:00;42;21.3;10.05
29/03/2025 17:00;32;21.3;10.05
29/03/2025 18:00;27;21.3;10.05
29/03/2025 19:00;26;21.4;10.09
29/03/2025 20:00;18;21.6;10.19
29/03/2025 21:00;9;21.7;10.24
29/03/2025 22:00;11;22.1;10.42
29/03/2025 23:00;1;22;10.38
30/03/2025 0:00;1;21.7;10.24
30/03/2025 1:00;5;21.6;10.19
30/03/2025 2:00;11;22;10.38
30/03/2025 3:00;16;22.3;10.52
30/03/2025 4:00;11;22.3;10.52
30/03/2025 5:00;10;22.3;10.52
30/03/2025 6:00;7;22.1;10.42
30/03/2025 7:00;2;21.8;10.28
30/03/2025 8:00;5;21.6;10.19
30/03/2025 9:00;9;21.2;10
30/03/2025 10:00;14;20.4;9.62
30/03/2025 11:00;23;19.6;9.25
30/03/2025 12:00;33;19.4;9.15
30/03/2025 13:00;37;19.2;9.06
30/03/2025 14:00;37;18.5;8.73
30/03/2025 15:00;27;17.8;8.4
30/03/2025 16:00;32;17.4;8.21
30/03/2025 17:00;30;17.3;8.16
30/03/2025 18:00;27;17.3;8.16
30/03/2025 19:00;22;17.1;8.07
30/03/2025 20:00;22;17.2;8.11
30/03/2025 21:00;24;17.9;8.44
30/03/2025 22:00;26;18.5;8.73
30/03/2025 23:00;25;19.5;9.2
31/03/2025 0:00;28;20.6;9.72
31/03/2025 1:00;30;21.7;10.24
31/03/2025 2:00;30;22.4;10.57
31/03/2025 3:00;23;22.7;10.71
31/03/2025 4:00;23;23.2;10.94
31/03/2025 5:00;4;23;10.85
31/03/2025 6:00;3;22.8;10.75
31/03/2025 7:00;5;22.9;10.8
31/03/2025 8:00;6;23;10.85
31/03/2025 9:00;9;23;10.85
31/03/2025 10:00;10;22.8;10.75
31/03/2025 11:00;7;22.1;10.42
31/03/2025 12:00;12;21.3;10.05
31/03/2025 13:00;19;20.5;9.67
31/03/2025 14:00;24;20;9.43
31/03/2025 15:00;26;19.9;9.39
31/03/2025 16:00;26;19.6;9.25
31/03/2025 17:00;19;19.2;9.06
31/03/2025 18:00;10;18.5;8.73
31/03/2025 19:00;6;17.8;8.4
31/03/2025 20:00;1;16.9;7.97
31/03/2025 21:00;Sin data;15.9;7.5
31/03/2025 22:00;Sin data;14.9;7.03
31/03/2025 23:00;Sin data;13.8;6.51
1/04/2025 0:00;Sin data;12.7;5.99
1/04/2025 1:00;Sin data;11.4;5.38
1/04/2025 2:00;Sin data;10.2;4.81
1/04/2025 3:00;Sin data;9.3;4.39
1/04/2025 4:00;Sin data;8.3;3.92
1/04/2025 5:00;1;8.2;3.87
1/04/2025 6:00;2;8.2;3.87
1/04/2025 7:00;1;8;3.77
1/04/2025 8:00;2;7.8;3.68
1/04/2025 9:00;16;8.1;3.82
1/04/2025 10:00;25;8.8;4.15
1/04/2025 11:00;29;9.7;4.58
1/04/2025 12:00;28;10.4;4.91
1/04/2025 13:00;33;10.9;5.14
1/04/2025 14:00;34;11.3;5.33
1/04/2025 15:00;32;11.6;5.47
1/04/2025 16:00;30;11.8;5.57
1/04/2025 17:00;24;12;5.66
1/04/2025 18:00;21;12.5;5.9
1/04/2025 19:00;24;13.2;6.23
1/04/2025 20:00;25;14.2;6.7
1/04/2025 21:00;24;15.2;7.17
1/04/2025 22:00;22;16.1;7.59
1/04/2025 23:00;22;17;8.02
2/04/2025 0:00;19;17.8;8.4
2/04/2025 1:00;22;18.7;8.82
2/04/2025 2:00;14;19.3;9.1
2/04/2025 3:00;6;19.5;9.2
2/04/2025 4:00;2;19.6;9.25
2/04/2025 5:00;1;19.6;9.25
2/04/2025 6:00;1;19.5;9.2
2/04/2025 7:00;1;19.5;9.2
2/04/2025 8:00;6;19.7;9.29
2/04/2025 9:00;17;19.7;9.29
2/04/2025 10:00;33;20;9.43
2/04/2025 11:00;37;20.3;9.58
2/04/2025 12:00;34;20.6;9.72
2/04/2025 13:00;32;20.6;9.72
2/04/2025 14:00;25;20.2;9.53
2/04/2025 15:00;29;20.1;9.48
2/04/2025 16:00;27;19.9;9.39
2/04/2025 17:00;23;19.8;9.34
2/04/2025 18:00;17;19.7;9.29
2/04/2025 19:00;11;19.1;9.01
2/04/2025 20:00;21;19;8.96
2/04/2025 21:00;27;19.1;9.01
2/04/2025 22:00;20;19;8.96
2/04/2025 23:00;10;18.5;8.73
3/04/2025 0:00;28;18.9;8.92
3/04/2025 1:00;16;18.7;8.82
3/04/2025 2:00;26;19.1;9.01
3/04/2025 3:00;18;19.6;9.25
3/04/2025 4:00;7;19.9;9.39
3/04/2025 5:00;13;20.4;9.62
3/04/2025 6:00;15;20.9;9.86
3/04/2025 7:00;4;21.1;9.95
3/04/2025 8:00;10;21.2;10
3/04/2025 9:00;23;21.5;10.14
3/04/2025 10:00;35;21.6;10.19
3/04/2025 11:00;32;21.4;10.09
3/04/2025 12:00;32;21.3;10.05
3/04/2025 13:00;30;21.2;10
3/04/2025 14:00;33;21.5;10.14
3/04/2025 15:00;39;21.9;10.33
3/04/2025 16:00;39;22.5;10.61
3/04/2025 17:00;27;22.7;10.71
3/04/2025 18:00;16;22.6;10.66
3/04/2025 19:00;12;22.7;10.71
3/04/2025 20:00;3;21.9;10.33
3/04/2025 21:00;Sin data;20.8;9.81
3/04/2025 22:00;1;20;9.43
3/04/2025 23:00;8;19.9;9.39
4/04/2025 0:00;11;19.2;9.06
4/04/2025 1:00;4;18.7;8.82
4/04/2025 2:00;4;17.8;8.4
4/04/2025 3:00;14;17.6;8.3
4/04/2025 4:00;9;17.7;8.35
4/04/2025 5:00;14;17.7;8.35
4/04/2025 6:00;9;17.5;8.25
4/04/2025 7:00;6;17.6;8.3
4/04/2025 8:00;3;17.3;8.16
4/04/2025 9:00;11;16.8;7.92
4/04/2025 10:00;16;16;7.55
4/04/2025 11:00;17;15.4;7.26
4/04/2025 12:00;19;14.9;7.03
4/04/2025 13:00;21;14.5;6.84
4/04/2025 14:00;23;14.1;6.65
4/04/2025 15:00;20;13.3;6.27
4/04/2025 16:00;19;12.5;5.9
4/04/2025 17:00;13;11.9;5.61
4/04/2025 18:00;11;11.6;5.47
4/04/2025 19:00;9;11.5;5.42
4/04/2025 20:00;10;11.8;5.57
4/04/2025 21:00;6;12;5.66
4/04/2025 22:00;1;12;5.66
4/04/2025 23:00;3;11.8;5.57
5/04/2025 0:00;1;11.4;5.38
5/04/2025 1:00;6;11.5;5.42
5/04/2025 2:00;8;11.7;5.52
5/04/2025 3:00;3;11.2;5.28
5/04/2025 4:00;Sin data;10.8;5.09
5/04/2025 5:00;Sin data;10.3;4.86
5/04/2025 6:00;Sin data;9.9;4.67
5/04/2025 7:00;1;9.7;4.58
5/04/2025 8:00;7;9.9;4.67
5/04/2025 9:00;11;9.9;4.67
5/04/2025 10:00;14;9.9;4.67
5/04/2025 11:00;18;9.9;4.67
5/04/2025 12:00;20;9.9;4.67
5/04/2025 13:00;21;9.9;4.67
5/04/2025 14:00;20;9.8;4.62
5/04/2025 15:00;19;9.7;4.58
5/04/2025 16:00;21;9.8;4.62
5/04/2025 17:00;14;9.9;4.67
5/04/2025 18:00;12;9.9;4.67
5/04/2025 19:00;14;10.1;4.76
5/04/2025 20:00;9;10.1;4.76
5/04/2025 21:00;12;10.3;4.86
5/04/2025 22:00;12;10.8;5.09
5/04/2025 23:00;13;11.2;5.28
6/04/2025 0:00;15;11.8;5.57
6/04/2025 1:00;11;12;5.66
6/04/2025 2:00;14;12.2;5.75
6/04/2025 3:00;13;12.7;5.99
6/04/2025 4:00;15;13.3;6.27
6/04/2025 5:00;12;13.8;6.51
6/04/2025 6:00;8;14.1;6.65
6/04/2025 7:00;14;14.6;6.89
6/04/2025 8:00;13;14.9;7.03
6/04/2025 9:00;18;15.1;7.12
6/04/2025 10:00;19;15.3;7.22
6/04/2025 11:00;19;15.4;7.26
6/04/2025 12:00;19;15.4;7.26
6/04/2025 13:00;18;15.2;7.17
6/04/2025 14:00;19;15.2;7.17
6/04/2025 15:00;18;15.2;7.17
6/04/2025 16:00;18;15.1;7.12
6/04/2025 17:00;15;15.1;7.12
6/04/2025 18:00;12;15.1;7.12
6/04/2025 19:00;10;14.9;7.03
6/04/2025 20:00;3;14.7;6.93
6/04/2025 21:00;3;14.3;6.75
6/04/2025 22:00;1;13.9;6.56
6/04/2025 23:00;6;13.6;6.42
7/04/2025 0:00;4;13.1;6.18
7/04/2025 1:00;2;12.8;6.04
7/04/2025 2:00;1;12.2;5.75
7/04/2025 3:00;Sin data;11.7;5.52
7/04/2025 4:00;Sin data;11;5.19
7/04/2025 5:00;Sin data;10.5;4.95
7/04/2025 6:00;Sin data;10.2;4.81
7/04/2025 7:00;Sin data;9.7;4.58
7/04/2025 8:00;1;9.1;4.29
7/04/2025 9:00;5;8.6;4.06
7/04/2025 10:00;13;8.4;3.96
7/04/2025 11:00;17;8.3;3.92
7/04/2025 12:00;20;8.3;3.92
7/04/2025 13:00;19;8.4;3.96
7/04/2025 14:00;18;8.3;3.92
7/04/2025 15:00;15;8.2;3.87
7/04/2025 16:00;6;7.7;3.63
7/04/2025 17:00;7;7.4;3.49
7/04/2025 18:00;9;7.3;3.44
7/04/2025 19:00;2;6.9;3.25
7/04/2025 20:00;3;7;3.3
7/04/2025 21:00;5;7;3.3
7/04/2025 22:00;11;7.5;3.54
7/04/2025 23:00;3;7.3;3.44
8/04/2025 0:00;2;7.3;3.44
8/04/2025 1:00;12;7.6;3.58
8/04/2025 2:00;13;8.1;3.82
8/04/2025 3:00;14;8.7;4.1
8/04/2025 4:00;10;9.1;4.29
8/04/2025 5:00;12;9.6;4.53
8/04/2025 6:00;Sin data;10;4.72
8/04/2025 7:00;Sin data;10.4;4.91
8/04/2025 8:00;Sin data;10.9;5.14
8/04/2025 9:00;Sin data;11.1;5.24
8/04/2025 10:00;9;10.9;5.14
8/04/2025 11:00;16;10.9;5.14
8/04/2025 12:00;21;10.9;5.14
8/04/2025 13:00;13;10.6;5
8/04/2025 14:00;6;9.9;4.67
8/04/2025 15:00;5;9.4;4.43
8/04/2025 16:00;3;9.3;4.39
8/04/2025 17:00;6;9.2;4.34
8/04/2025 18:00;5;9;4.25
8/04/2025 19:00;1;8.9;4.2
8/04/2025 20:00;Sin data;8.8;4.15
8/04/2025 21:00;2;8.6;4.06
8/04/2025 22:00;2;8.1;3.82
8/04/2025 23:00;2;8.1;3.82
9/04/2025 0:00;Sin data;8;3.77
9/04/2025 1:00;Sin data;7.4;3.49
9/04/2025 2:00;1;6.8;3.21
9/04/2025 3:00;3;6.2;2.92
9/04/2025 4:00;1;5.8;2.74
9/04/2025 5:00;Sin data;5.2;2.45
9/04/2025 6:00;Sin data;5;2.36
9/04/2025 7:00;1;4.8;2.26
9/04/2025 8:00;1;4.7;2.22
9/04/2025 9:00;4;4.7;2.22
9/04/2025 10:00;9;4.7;2.22
9/04/2025 11:00;13;4.5;2.12
9/04/2025 12:00;15;4.3;2.03
9/04/2025 13:00;15;4.4;2.08
9/04/2025 14:00;16;4.8;2.26
9/04/2025 15:00;12;5.1;2.41
9/04/2025 16:00;10;5.4;2.55
9/04/2025 17:00;11;5.6;2.64
9/04/2025 18:00;4;5.6;2.64
9/04/2025 19:00;Sin data;5.6;2.64
9/04/2025 20:00;Sin data;5.5;2.59
9/04/2025 21:00;Sin data;5.5;2.59
9/04/2025 22:00;1;5.4;2.55
9/04/2025 23:00;7;5.7;2.69
10/04/2025 0:00;8;6;2.83
10/04/2025 1:00;7;6.3;2.97
10/04/2025 2:00;2;6.3;2.97
10/04/2025 3:00;2;6.3;2.97
10/04/2025 4:00;1;6.3;2.97
10/04/2025 5:00;Sin data;6.3;2.97
10/04/2025 6:00;Sin data;6.3;2.97
10/04/2025 7:00;Sin data;6.3;2.97
10/04/2025 8:00;1;6.3;2.97
10/04/2025 13:00;13;5.3;2.5
10/04/2025 14:00;14;5.1;2.41
10/04/2025 15:00;14;5.3;2.5
10/04/2025 16:00;18;5.6;2.64
10/04/2025 19:00;8;5.8;2.74
10/04/2025 20:00;8;6.3;2.97
10/04/2025 21:00;8;6.7;3.16
10/04/2025 22:00;6;7;3.3
10/04/2025 23:00;1;6.7;3.16
11/04/2025 0:00;Sin data;6.2;2.92
11/04/2025 1:00;Sin data;5.8;2.74
11/04/2025 2:00;Sin data;5.7;2.69
11/04/2025 3:00;Sin data;5.6;2.64
11/04/2025 4:00;Sin data;5.6;2.64
11/04/2025 5:00;Sin data;5.6;2.64
11/04/2025 6:00;Sin data;5.6;2.64
11/04/2025 7:00;Sin data;5.6;2.64
11/04/2025 8:00;Sin data;5.5;2.59
11/04/2025 9:00;1;5.3;2.5
11/04/2025 10:00;1;5.1;2.41
11/04/2025 11:00;2;5;2.36
11/04/2025 12:00;10;5.2;2.45
11/04/2025 13:00;13;5.2;2.45
11/04/2025 14:00;13;5.2;2.45
11/04/2025 15:00;15;5.3;2.5
11/04/2025 16:00;13;5.1;2.41
11/04/2025 17:00;14;5.4;2.55
11/04/2025 18:00;12;5.7;2.69
11/04/2025 19:00;7;5.7;2.69
11/04/2025 20:00;3;5.5;2.59
11/04/2025 21:00;Sin data;5.1;2.41
11/04/2025 22:00;Sin data;4.9;2.31
11/04/2025 23:00;Sin data;4.8;2.26
12/04/2025 0:00;Sin data;4.8;2.26
12/04/2025 1:00;Sin data;4.8;2.26
12/04/2025 2:00;Sin data;4.9;2.31
12/04/2025 3:00;Sin data;4.9;2.31
12/04/2025 4:00;Sin data;4.9;2.31
12/04/2025 5:00;1;4.9;2.31
12/04/2025 6:00;Sin data;4.9;2.31
12/04/2025 7:00;Sin data;4.9;2.31
12/04/2025 8:00;1;4.9;2.31
12/04/2025 9:00;6;5.2;2.45
12/04/2025 10:00;19;5.9;2.78
12/04/2025 11:00;30;7.1;3.35
12/04/2025 12:00;29;7.9;3.73
12/04/2025 13:00;26;8.4;3.96
12/04/2025 14:00;30;9.1;4.29
12/04/2025 15:00;32;9.8;4.62
12/04/2025 16:00;26;10.3;4.86
12/04/2025 17:00;23;10.7;5.05
12/04/2025 18:00;18;11;5.19
12/04/2025 19:00;8;11;5.19
12/04/2025 20:00;10;11.3;5.33
12/04/2025 21:00;16;12;5.66
12/04/2025 22:00;20;12.8;6.04
12/04/2025 23:00;20;13.6;6.42
13/04/2025 0:00;19;14.5;6.84
13/04/2025 1:00;19;15.2;7.17
13/04/2025 2:00;22;16.2;7.64
13/04/2025 3:00;22;17.1;8.07
13/04/2025 4:00;11;17.5;8.25
13/04/2025 5:00;18;18.3;8.63
13/04/2025 6:00;6;18.5;8.73
13/04/2025 7:00;7;18.8;8.87
13/04/2025 8:00;16;19.4;9.15
13/04/2025 9:00;26;20.2;9.53
13/04/2025 10:00;27;20.6;9.72
13/04/2025 11:00;28;20.5;9.67
13/04/2025 12:00;27;20.4;9.62
13/04/2025 13:00;28;20.5;9.67
13/04/2025 14:00;28;20.4;9.62
13/04/2025 15:00;28;20.3;9.58
13/04/2025 16:00;27;20.3;9.58
13/04/2025 17:00;26;20.4;9.62
13/04/2025 18:00;24;20.7;9.76
13/04/2025 19:00;21;21.2;10
13/04/2025 20:00;20;21.6;10.19
13/04/2025 21:00;20;21.8;10.28
13/04/2025 22:00;20;21.8;10.28
13/04/2025 23:00;15;21.6;10.19
14/04/2025 0:00;8;21.1;9.95
14/04/2025 1:00;17;21;9.91
14/04/2025 2:00;8;20.4;9.62
14/04/2025 3:00;1;19.6;9.25
14/04/2025 4:00;1;19.1;9.01
14/04/2025 5:00;Sin data;18.4;8.68
14/04/2025 6:00;4;18.3;8.63
14/04/2025 7:00;11;18.5;8.73
14/04/2025 8:00;4;18;8.49
14/04/2025 11:00;24;17;8.02
14/04/2025 12:00;24;16.8;7.92
14/04/2025 13:00;24;16.6;7.83
14/04/2025 14:00;25;16.5;7.78
14/04/2025 15:00;25;16.3;7.69
14/04/2025 16:00;25;16.2;7.64
14/04/2025 17:00;25;16.2;7.64
14/04/2025 18:00;21;16;7.55
14/04/2025 19:00;20;16;7.55
14/04/2025 20:00;23;16.2;7.64
14/04/2025 21:00;23;16.3;7.69
14/04/2025 22:00;23;16.5;7.78
14/04/2025 23:00;27;17;8.02
15/04/2025 0:00;27;17.9;8.44
15/04/2025 1:00;21;18.1;8.54
15/04/2025 2:00;29;19;8.96
15/04/2025 3:00;30;20.3;9.58
15/04/2025 4:00;26;21.5;10.14
15/04/2025 5:00;29;22.8;10.75
15/04/2025 6:00;29;23.9;11.27
15/04/2025 7:00;29;24.7;11.65
15/04/2025 8:00;29;25.9;12.22
15/04/2025 9:00;30;26.1;12.31
15/04/2025 10:00;29;26.2;12.36
15/04/2025 11:00;30;26.4;12.45
15/04/2025 12:00;31;26.7;12.59
15/04/2025 13:00;33;27.1;12.78
15/04/2025 14:00;34;27.5;12.97
15/04/2025 15:00;33;27.8;13.11
15/04/2025 16:00;33;28.1;13.25
15/04/2025 17:00;31;28.4;13.4
15/04/2025 18:00;29;28.8;13.58
15/04/2025 19:00;24;28.9;13.63
15/04/2025 20:00;25;29;13.68
15/04/2025 21:00;26;29.1;13.73
15/04/2025 22:00;25;29.2;13.77
15/04/2025 23:00;27;29.2;13.77
16/04/2025 0:00;28;29.3;13.82
16/04/2025 1:00;25;29.4;13.87
16/04/2025 2:00;24;29.2;13.77
16/04/2025 3:00;13;28.5;13.44
16/04/2025 4:00;4;27.6;13.02
16/04/2025 5:00;Sin data;26.4;12.45
16/04/2025 6:00;Sin data;25.2;11.89
16/04/2025 7:00;1;24;11.32
16/04/2025 8:00;9;23.2;10.94
16/04/2025 9:00;23;22.9;10.8
16/04/2025 10:00;32;23;10.85
16/04/2025 11:00;32;23.1;10.9
16/04/2025 12:00;31;23.1;10.9
16/04/2025 13:00;30;23;10.85
16/04/2025 14:00;28;22.7;10.71
16/04/2025 15:00;28;22.5;10.61
16/04/2025 16:00;34;22.6;10.66
16/04/2025 17:00;32;22.6;10.66
16/04/2025 18:00;24;22.4;10.57
16/04/2025 19:00;13;21.9;10.33
16/04/2025 20:00;4;21.1;9.95
16/04/2025 21:00;6;20.2;9.53
16/04/2025 22:00;6;19.4;9.15
16/04/2025 23:00;3;18.4;8.68
17/04/2025 0:00;2;17.3;8.16
17/04/2025 1:00;2;16.4;7.74
17/04/2025 2:00;4;15.6;7.36
17/04/2025 3:00;2;15.1;7.12
17/04/2025 4:00;Sin data;15;7.08
17/04/2025 5:00;Sin data;15;7.08
17/04/2025 6:00;Sin data;14.9;7.03
17/04/2025 7:00;Sin data;14.9;7.03
17/04/2025 8:00;1;14.6;6.89
17/04/2025 9:00;3;13.7;6.46
17/04/2025 10:00;15;13;6.13
17/04/2025 11:00;20;12.5;5.9
17/04/2025 12:00;21;12.1;5.71
17/04/2025 13:00;22;11.8;5.57
17/04/2025 14:00;21;11.5;5.42
17/04/2025 15:00;22;11.3;5.33
17/04/2025 16:00;23;10.8;5.09
17/04/2025 17:00;21;10.3;4.86
17/04/2025 18:00;21;10.2;4.81
17/04/2025 19:00;20;10.5;4.95
17/04/2025 20:00;18;11.1;5.24
17/04/2025 21:00;17;11.6;5.47
17/04/2025 22:00;19;12.2;5.75
17/04/2025 23:00;18;12.8;6.04
18/04/2025 0:00;16;13.4;6.32
18/04/2025 1:00;15;13.9;6.56
18/04/2025 2:00;11;14.2;6.7
18/04/2025 3:00;20;15;7.08
18/04/2025 4:00;20;15.8;7.45
18/04/2025 5:00;20;16.6;7.83
18/04/2025 6:00;17;17.3;8.16
18/04/2025 7:00;16;18;8.49
18/04/2025 8:00;17;18.7;8.82
18/04/2025 9:00;19;19.3;9.1
18/04/2025 10:00;21;19.6;9.25
18/04/2025 11:00;23;19.7;9.29
18/04/2025 12:00;24;19.8;9.34
18/04/2025 13:00;20;19.7;9.29
18/04/2025 14:00;21;19.7;9.29
18/04/2025 15:00;23;19.8;9.34
18/04/2025 16:00;23;19.8;9.34
18/04/2025 17:00;22;19.8;9.34
18/04/2025 18:00;19;19.7;9.29
18/04/2025 19:00;17;19.6;9.25
18/04/2025 20:00;21;19.7;9.29
18/04/2025 21:00;20;19.8;9.34
18/04/2025 22:00;19;19.8;9.34
18/04/2025 23:00;20;19.9;9.39
19/04/2025 0:00;21;20.1;9.48
19/04/2025 1:00;23;20.4;9.62
19/04/2025 2:00;23;20.9;9.86
19/04/2025 3:00;22;20.9;9.86
19/04/2025 4:00;23;21;9.91
19/04/2025 5:00;8;20.5;9.67
19/04/2025 6:00;3;20;9.43
19/04/2025 7:00;4;19.4;9.15
19/04/2025 8:00;11;19.2;9.06
19/04/2025 9:00;17;19.1;9.01
19/04/2025 10:00;20;19.1;9.01
19/04/2025 11:00;24;19.2;9.06
19/04/2025 12:00;24;19.2;9.06
19/04/2025 13:00;25;19.4;9.15
19/04/2025 14:00;26;19.6;9.25
19/04/2025 15:00;26;19.8;9.34
19/04/2025 16:00;26;19.9;9.39
19/04/2025 17:00;26;20.1;9.48
19/04/2025 18:00;21;20.1;9.48
19/04/2025 19:00;14;20.1;9.48
19/04/2025 20:00;19;20;9.43
19/04/2025 21:00;19;19.9;9.39
19/04/2025 22:00;16;19.8;9.34
19/04/2025 23:00;12;19.4;9.15
20/04/2025 0:00;12;19.1;9.01
20/04/2025 1:00;7;18.4;8.68
20/04/2025 2:00;12;18;8.49
20/04/2025 3:00;19;17.8;8.4
20/04/2025 4:00;18;17.6;8.3
20/04/2025 5:00;19;18.1;8.54
20/04/2025 6:00;20;18.8;8.87
20/04/2025 7:00;15;19.2;9.06
20/04/2025 8:00;13;19.3;9.1
20/04/2025 9:00;10;19;8.96
20/04/2025 10:00;13;18.7;8.82
20/04/2025 11:00;23;18.7;8.82
20/04/2025 12:00;24;18.7;8.82
20/04/2025 13:00;24;18.6;8.77
20/04/2025 14:00;25;18.5;8.73
20/04/2025 15:00;24;18.4;8.68
20/04/2025 16:00;22;18.2;8.58
20/04/2025 17:00;22;18.1;8.54
20/04/2025 18:00;19;18;8.49
20/04/2025 19:00;16;18.1;8.54
20/04/2025 20:00;11;17.7;8.35
20/04/2025 21:00;15;17.5;8.25
20/04/2025 22:00;10;17.3;8.16
20/04/2025 23:00;12;17.3;8.16
21/04/2025 0:00;9;17.2;8.11
21/04/2025 1:00;8;17.2;8.11
21/04/2025 2:00;10;17.1;8.07
21/04/2025 3:00;12;16.8;7.92
21/04/2025 4:00;15;16.7;7.88
21/04/2025 5:00;7;16.2;7.64
21/04/2025 6:00;1;15.4;7.26
21/04/2025 7:00;1;14.8;6.98
21/04/2025 8:00;4;14.5;6.84
21/04/2025 9:00;13;14.6;6.89
21/04/2025 12:00;25;14.2;6.7
21/04/2025 13:00;27;14.4;6.79
21/04/2025 14:00;18;14.1;6.65
21/04/2025 15:00;23;14;6.6
21/04/2025 16:00;18;13.9;6.56
21/04/2025 17:00;11;13.4;6.32
21/04/2025 18:00;7;12.8;6.04
21/04/2025 19:00;5;12.3;5.8
21/04/2025 20:00;3;12;5.66
21/04/2025 21:00;2;11.4;5.38
21/04/2025 22:00;Sin data;10.9;5.14
21/04/2025 23:00;Sin data;10.4;4.91
22/04/2025 0:00;Sin data;10;4.72
22/04/2025 1:00;Sin data;9.6;4.53
22/04/2025 2:00;Sin data;9.2;4.34
22/04/2025 3:00;Sin data;8.7;4.1
22/04/2025 4:00;Sin data;8;3.77
22/04/2025 5:00;Sin data;7.6;3.58
22/04/2025 6:00;Sin data;7.6;3.58
22/04/2025 7:00;Sin data;7.6;3.58
22/04/2025 8:00;1;7.4;3.49
22/04/2025 9:00;5;7.1;3.35
22/04/2025 10:00;10;7.2;3.4
22/04/2025 11:00;14;7.5;3.54
22/04/2025 12:00;9;6.9;3.25
22/04/2025 13:00;12;6.2;2.92
22/04/2025 14:00;16;6.1;2.88
22/04/2025 15:00;18;5.9;2.78
22/04/2025 16:00;15;5.8;2.74
22/04/2025 17:00;12;5.8;2.74
22/04/2025 18:00;9;5.9;2.78
22/04/2025 19:00;9;6.1;2.88
22/04/2025 20:00;Sin data;6;2.83
22/04/2025 21:00;Sin data;5.9;2.78
22/04/2025 22:00;Sin data;5.9;2.78
22/04/2025 23:00;Sin data;5.9;2.78
23/04/2025 0:00;Sin data;5.9;2.78
23/04/2025 1:00;Sin data;5.9;2.78
23/04/2025 2:00;Sin data;5.9;2.78
23/04/2025 3:00;Sin data;5.9;2.78
23/04/2025 4:00;Sin data;5.9;2.78
23/04/2025 5:00;Sin data;5.9;2.78
23/04/2025 6:00;Sin data;5.9;2.78
23/04/2025 7:00;Sin data;5.9;2.78
23/04/2025 8:00;1;5.9;2.78
23/04/2025 9:00;10;6.2;2.92
23/04/2025 10:00;18;6.5;3.07
23/04/2025 11:00;26;7;3.3
23/04/2025 12:00;34;8.1;3.82
23/04/2025 13:00;41;9.2;4.34
23/04/2025 14:00;36;10.1;4.76
23/04/2025 15:00;31;10.6;5
23/04/2025 16:00;24;11;5.19
23/04/2025 17:00;18;11.3;5.33
23/04/2025 18:00;13;11.4;5.38
23/04/2025 19:00;10;11.5;5.42
23/04/2025 20:00;9;11.8;5.57
23/04/2025 21:00;5;12;5.66
23/04/2025 22:00;Sin data;12;5.66
23/04/2025 23:00;Sin data;12;5.66
24/04/2025 0:00;Sin data;12;5.66
24/04/2025 1:00;1;12;5.66
24/04/2025 2:00;3;12.2;5.75
24/04/2025 3:00;2;12.3;5.8
24/04/2025 4:00;10;12.7;5.99
24/04/2025 5:00;12;13.2;6.23
24/04/2025 6:00;2;13.2;6.23
24/04/2025 7:00;1;13.3;6.27
24/04/2025 8:00;2;13.3;6.27
24/04/2025 9:00;4;13;6.13
24/04/2025 10:00;8;12.6;5.94
24/04/2025 11:00;18;12.3;5.8
24/04/2025 12:00;21;11.8;5.57
24/04/2025 13:00;23;11;5.19
24/04/2025 14:00;28;10.7;5.05
24/04/2025 15:00;39;11.1;5.24
24/04/2025 16:00;28;11.2;5.28
24/04/2025 17:00;24;11.5;5.42
24/04/2025 18:00;22;11.8;5.57
24/04/2025 19:00;15;12;5.66
24/04/2025 20:00;8;12;5.66
24/04/2025 21:00;Sin data;11.8;5.57
24/04/2025 22:00;Sin data;11.8;5.57
24/04/2025 23:00;Sin data;11.8;5.57
25/04/2025 0:00;Sin data;11.8;5.57
25/04/2025 1:00;Sin data;11.8;5.57
25/04/2025 2:00;Sin data;11.7;5.52
25/04/2025 3:00;Sin data;11.6;5.47
25/04/2025 4:00;Sin data;11.2;5.28
25/04/2025 5:00;Sin data;10.7;5.05
25/04/2025 6:00;Sin data;10.7;5.05
25/04/2025 7:00;1;10.6;5
25/04/2025 8:00;1;10.6;5
25/04/2025 9:00;5;10.7;5.05
25/04/2025 10:00;13;10.9;5.14
25/04/2025 11:00;15;10.7;5.05
25/04/2025 12:00;20;10.7;5.05
25/04/2025 13:00;20;10.6;5
25/04/2025 14:00;24;10.4;4.91
25/04/2025 15:00;28;9.9;4.67
25/04/2025 16:00;25;9.8;4.62
25/04/2025 17:00;20;9.7;4.58
25/04/2025 18:00;17;9.5;4.48
25/04/2025 19:00;9;9.2;4.34
25/04/2025 20:00;6;9.1;4.29
25/04/2025 21:00;1;9.1;4.29
25/04/2025 22:00;1;9.1;4.29
25/04/2025 23:00;7;9.4;4.43
26/04/2025 0:00;7;9.7;4.58
26/04/2025 1:00;4;9.6;4.53
26/04/2025 2:00;Sin data;9.6;4.53
26/04/2025 3:00;Sin data;9.6;4.53
26/04/2025 4:00;Sin data;9.6;4.53
26/04/2025 5:00;Sin data;9.6;4.53
26/04/2025 6:00;Sin data;9.6;4.53
26/04/2025 7:00;1;9.6;4.53
26/04/2025 8:00;1;9.6;4.53
26/04/2025 9:00;3;9.5;4.48
26/04/2025 10:00;5;9.2;4.34
26/04/2025 11:00;18;9.3;4.39
26/04/2025 12:00;25;9.5;4.48
26/04/2025 13:00;22;9.6;4.53
26/04/2025 14:00;16;9.3;4.39
26/04/2025 15:00;22;9;4.25
26/04/2025 16:00;14;8.6;4.06
26/04/2025 17:00;20;8.6;4.06
26/04/2025 18:00;17;8.6;4.06
26/04/2025 19:00;9;8.6;4.06
26/04/2025 20:00;6;8.6;4.06
26/04/2025 21:00;1;8.7;4.1
26/04/2025 22:00;Sin data;8.7;4.1
26/04/2025 23:00;1;8.4;3.96
27/04/2025 0:00;3;8.2;3.87
27/04/2025 1:00;9;8.7;4.1
27/04/2025 2:00;11;9.1;4.29
27/04/2025 3:00;13;9.6;4.53
27/04/2025 4:00;16;10.3;4.86
27/04/2025 5:00;8;10.6;5
27/04/2025 6:00;1;10.6;5
27/04/2025 7:00;3;10.7;5.05
27/04/2025 8:00;7;11;5.19
27/04/2025 9:00;14;11.4;5.38
27/04/2025 10:00;20;12;5.66
27/04/2025 11:00;21;12.1;5.71
27/04/2025 12:00;20;11.9;5.61
27/04/2025 13:00;21;11.9;5.61
27/04/2025 14:00;29;12.5;5.9
27/04/2025 15:00;30;12.8;6.04
27/04/2025 16:00;25;13.2;6.23
27/04/2025 17:00;24;13.4;6.32
27/04/2025 18:00;18;13.4;6.32
27/04/2025 19:00;17;13.7;6.46
27/04/2025 20:00;13;14;6.6
27/04/2025 21:00;5;14.2;6.7
27/04/2025 22:00;Sin data;14.2;6.7
27/04/2025 23:00;1;14.2;6.7
28/04/2025 0:00;13;14.6;6.89
28/04/2025 1:00;17;14.9;7.03
28/04/2025 2:00;12;15;7.08
28/04/2025 3:00;12;14.9;7.03
28/04/2025 4:00;5;14.5;6.84
28/04/2025 5:00;3;14.2;6.7
28/04/2025 6:00;Sin data;14.2;6.7
28/04/2025 7:00;1;14.2;6.7
28/04/2025 8:00;1;13.9;6.56
28/04/2025 9:00;7;13.6;6.42
28/04/2025 10:00;18;13.5;6.37
28/04/2025 11:00;21;13.5;6.37
28/04/2025 12:00;21;13.5;6.37
28/04/2025 13:00;22;13.6;6.42
28/04/2025 14:00;22;13.3;6.27
28/04/2025 15:00;24;13;6.13
28/04/2025 16:00;20;12.8;6.04
28/04/2025 17:00;17;12.5;5.9
28/04/2025 18:00;15;12.4;5.85
28/04/2025 19:00;19;12.5;5.9
28/04/2025 20:00;13;12.5;5.9
28/04/2025 21:00;1;12.3;5.8
28/04/2025 22:00;Sin data;12.3;5.8
28/04/2025 23:00;Sin data;12.3;5.8
29/04/2025 0:00;Sin data;11.8;5.57
29/04/2025 1:00;Sin data;11;5.19
29/04/2025 2:00;Sin data;10.6;5
29/04/2025 3:00;2;10.2;4.81
29/04/2025 4:00;Sin data;9.9;4.67
29/04/2025 5:00;Sin data;9.8;4.62
29/04/2025 6:00;Sin data;9.8;4.62
29/04/2025 7:00;1;9.8;4.62
29/04/2025 8:00;2;9.9;4.67
29/04/2025 9:00;8;9.9;4.67
29/04/2025 10:00;18;9.9;4.67
29/04/2025 11:00;23;10;4.72
29/04/2025 12:00;24;10.1;4.76
29/04/2025 13:00;29;10.4;4.91
29/04/2025 14:00;31;10.8;5.09
29/04/2025 15:00;22;10.7;5.05
29/04/2025 16:00;17;10.6;5
29/04/2025 17:00;17;10.6;5
29/04/2025 18:00;17;10.6;5
29/04/2025 19:00;4;10;4.72
29/04/2025 20:00;Sin data;9.5;4.48
29/04/2025 21:00;Sin data;9.5;4.48
29/04/2025 22:00;Sin data;9.5;4.48
29/04/2025 23:00;Sin data;9.5;4.48
30/04/2025 0:00;1;9.5;4.48
30/04/2025 1:00;2;9.6;4.53
30/04/2025 2:00;1;9.7;4.58
30/04/2025 3:00;3;9.7;4.58
30/04/2025 4:00;13;10.2;4.81
30/04/2025 5:00;15;10.9;5.14
30/04/2025 6:00;12;11.4;5.38
30/04/2025 7:00;7;11.6;5.47
30/04/2025 8:00;11;12;5.66
30/04/2025 9:00;11;12.1;5.71
30/04/2025 11:00;18;11.7;5.52
30/04/2025 12:00;18;11.4;5.38
30/04/2025 13:00;18;10.9;5.14
30/04/2025 14:00;17;10.3;4.86
30/04/2025 15:00;17;10.1;4.76
30/04/2025 16:00;17;10.1;4.76
30/04/2025 17:00;17;10.1;4.76
30/04/2025 18:00;16;10.1;4.76
30/04/2025 19:00;13;10.5;4.95
30/04/2025 20:00;9;10.9;5.14
30/04/2025 21:00;2;10.9;5.14
30/04/2025 22:00;2;11;5.19
30/04/2025 23:00;Sin data;11;5.19
1/05/2025 0:00;Sin data;11;5.19
1/05/2025 1:00;Sin data;10.9;5.14
1/05/2025 2:00;Sin data;10.8;5.09
1/05/2025 3:00;Sin data;10.7;5.05
1/05/2025 4:00;Sin data;10.2;4.81
1/05/2025 5:00;Sin data;9.5;4.48
1/05/2025 6:00;Sin data;9;4.25
1/05/2025 7:00;1;8.7;4.1
1/05/2025 8:00;9;8.7;4.1
1/05/2025 9:00;11;8.6;4.06
1/05/2025 10:00;14;8.9;4.2
1/05/2025 11:00;17;8.9;4.2
1/05/2025 12:00;19;8.9;4.2
1/05/2025 13:00;19;9;4.25
1/05/2025 14:00;19;9;4.25
1/05/2025 15:00;19;9.2;4.34
1/05/2025 16:00;19;9.3;4.39
1/05/2025 17:00;17;9.2;4.34
1/05/2025 18:00;14;9.1;4.29
1/05/2025 19:00;12;9.1;4.29
1/05/2025 20:00;11;9.1;4.29
1/05/2025 21:00;5;9.3;4.39
1/05/2025 22:00;Sin data;9.2;4.34
1/05/2025 23:00;Sin data;9.2;4.34
2/05/2025 0:00;Sin data;9.2;4.34
2/05/2025 1:00;Sin data;9.2;4.34
2/05/2025 2:00;Sin data;9.2;4.34
2/05/2025 3:00;Sin data;9.2;4.34
2/05/2025 4:00;Sin data;9.2;4.34
2/05/2025 5:00;Sin data;9.2;4.34
2/05/2025 6:00;Sin data;9.2;4.34
2/05/2025 7:00;Sin data;9.2;4.34
2/05/2025 8:00;3;8.9;4.2
2/05/2025 9:00;11;8.9;4.2
2/05/2025 10:00;15;8.9;4.2
2/05/2025 11:00;17;8.9;4.2
2/05/2025 12:00;19;8.9;4.2
2/05/2025 13:00;19;8.9;4.2
2/05/2025 14:00;21;9;4.25
2/05/2025 15:00;26;9.2;4.34
2/05/2025 16:00;19;9.2;4.34
2/05/2025 17:00;14;9.1;4.29
2/05/2025 18:00;15;9.2;4.34
2/05/2025 19:00;14;9.2;4.34
2/05/2025 20:00;10;9.2;4.34
2/05/2025 21:00;6;9.3;4.39
2/05/2025 22:00;2;9.3;4.39
2/05/2025 23:00;Sin data;9.3;4.39
3/05/2025 0:00;1;9.4;4.43
3/05/2025 1:00;Sin data;9.4;4.43
3/05/2025 2:00;Sin data;9.4;4.43
3/05/2025 3:00;Sin data;9.4;4.43
3/05/2025 4:00;Sin data;9.4;4.43
3/05/2025 5:00;Sin data;9.4;4.43
3/05/2025 6:00;Sin data;9.4;4.43
3/05/2025 7:00;Sin data;9.4;4.43
3/05/2025 8:00;2;9.4;4.43
3/05/2025 9:00;5;9.1;4.29
3/05/2025 10:00;9;8.9;4.2
3/05/2025 11:00;12;8.7;4.1
3/05/2025 12:00;13;8.4;3.96
3/05/2025 13:00;11;8.1;3.82
3/05/2025 14:00;10;7.6;3.58
3/05/2025 15:00;21;7.4;3.49
3/05/2025 16:00;22;7.5;3.54
3/05/2025 17:00;19;7.7;3.63
3/05/2025 18:00;11;7.6;3.58
3/05/2025 19:00;7;7.3;3.44
3/05/2025 20:00;7;7.2;3.4
3/05/2025 21:00;9;7.3;3.44
3/05/2025 22:00;7;7.5;3.54
3/05/2025 23:00;1;7.5;3.54
4/05/2025 0:00;Sin data;7.4;3.49
4/05/2025 1:00;Sin data;7.4;3.49
4/05/2025 2:00;Sin data;7.4;3.49
4/05/2025 3:00;Sin data;7.4;3.49
4/05/2025 4:00;Sin data;7.4;3.49
4/05/2025 5:00;Sin data;7.4;3.49
4/05/2025 6:00;Sin data;7.4;3.49
4/05/2025 7:00;1;7.5;3.54
4/05/2025 8:00;5;7.6;3.58
4/05/2025 9:00;12;7.9;3.73
4/05/2025 10:00;15;8.1;3.82
4/05/2025 11:00;16;8.3;3.92
4/05/2025 12:00;21;8.6;4.06
4/05/2025 13:00;28;9.3;4.39
4/05/2025 14:00;34;10.3;4.86
4/05/2025 15:00;28;10.6;5
4/05/2025 16:00;21;10.5;4.95
4/05/2025 17:00;17;10.5;4.95
4/05/2025 18:00;8;10.3;4.86
4/05/2025 19:00;5;10.3;4.86
4/05/2025 20:00;7;10.3;4.86
4/05/2025 21:00;3;10;4.72
4/05/2025 22:00;1;9.8;4.62
4/05/2025 23:00;2;9.8;4.62
5/05/2025 0:00;6;10.1;4.76
5/05/2025 1:00;5;10.3;4.86
5/05/2025 2:00;6;10.5;4.95
5/05/2025 3:00;6;10.7;5.05
5/05/2025 4:00;5;11;5.19
5/05/2025 5:00;3;11.1;5.24
5/05/2025 6:00;Sin data;11.1;5.24
5/05/2025 7:00;Sin data;11;5.19
5/05/2025 8:00;4;11;5.19
5/05/2025 9:00;10;10.9;5.14
5/05/2025 10:00;9;10.7;5.05
5/05/2025 11:00;9;10.4;4.91
5/05/2025 12:00;8;9.9;4.67
5/05/2025 13:00;13;9.2;4.34
5/05/2025 14:00;15;8.4;3.96
5/05/2025 15:00;14;7.9;3.73
5/05/2025 16:00;14;7.6;3.58
5/05/2025 17:00;12;7.4;3.49
5/05/2025 18:00;7;7.3;3.44
5/05/2025 19:00;1;7.2;3.4
5/05/2025 20:00;1;6.9;3.25
5/05/2025 21:00;Sin data;6.8;3.21
5/05/2025 22:00;Sin data;6.7;3.16
5/05/2025 23:00;Sin data;6.7;3.16
6/05/2025 0:00;Sin data;6.4;3.02
6/05/2025 1:00;Sin data;6.2;2.92
6/05/2025 2:00;Sin data;6;2.83
6/05/2025 3:00;Sin data;5.7;2.69
6/05/2025 4:00;Sin data;5.5;2.59
6/05/2025 5:00;Sin data;5.4;2.55
6/05/2025 6:00;Sin data;5.4;2.55
6/05/2025 7:00;Sin data;5.4;2.55
6/05/2025 8:00;1;5.2;2.45
6/05/2025 9:00;3;4.9;2.31
6/05/2025 10:00;8;4.9;2.31
6/05/2025 11:00;8;4.9;2.31
6/05/2025 12:00;12;5;2.36
6/05/2025 13:00;17;5.2;2.45
6/05/2025 14:00;14;5.2;2.45
6/05/2025 15:00;14;5.2;2.45
6/05/2025 16:00;13;5.1;2.41
6/05/2025 17:00;11;5.1;2.41
6/05/2025 18:00;11;5.3;2.5
6/05/2025 19:00;4;5.4;2.55
6/05/2025 20:00;4;5.6;2.64
6/05/2025 21:00;Sin data;5.6;2.64
6/05/2025 22:00;Sin data;5.5;2.59
6/05/2025 23:00;Sin data;5.5;2.59
7/05/2025 0:00;Sin data;5.5;2.59
7/05/2025 1:00;Sin data;5.5;2.59
7/05/2025 2:00;Sin data;5.5;2.59
7/05/2025 3:00;Sin data;5.5;2.59
7/05/2025 4:00;Sin data;5.5;2.59
7/05/2025 5:00;Sin data;5.5;2.59
7/05/2025 6:00;Sin data;5.5;2.59
7/05/2025 7:00;Sin data;5.5;2.59
7/05/2025 8:00;1;5.5;2.59
7/05/2025 9:00;7;5.7;2.69
7/05/2025 10:00;10;5.8;2.74
7/05/2025 11:00;12;5.9;2.78
7/05/2025 12:00;12;6;2.83
7/05/2025 13:00;12;5.8;2.74
7/05/2025 14:00;12;5.7;2.69
7/05/2025 15:00;14;5.6;2.64
7/05/2025 16:00;16;5.7;2.69
7/05/2025 17:00;14;5.9;2.78
7/05/2025 18:00;11;5.9;2.78
7/05/2025 19:00;6;5.9;2.78
7/05/2025 20:00;5;6;2.83
7/05/2025 21:00;2;6.1;2.88
7/05/2025 22:00;Sin data;6.1;2.88
7/05/2025 23:00;Sin data;6.1;2.88
8/05/2025 0:00;Sin data;6.1;2.88
8/05/2025 1:00;1;6.1;2.88
8/05/2025 2:00;Sin data;6.1;2.88
8/05/2025 3:00;Sin data;6.1;2.88
8/05/2025 4:00;Sin data;6.1;2.88
8/05/2025 5:00;Sin data;6.1;2.88
8/05/2025 6:00;Sin data;6.1;2.88
8/05/2025 7:00;Sin data;6.1;2.88
8/05/2025 8:00;2;6.2;2.92
8/05/2025 9:00;7;6.2;2.92
8/05/2025 10:00;11;6.3;2.97
8/05/2025 11:00;11;6.2;2.92
8/05/2025 12:00;17;6.4;3.02
8/05/2025 13:00;17;6.7;3.16
8/05/2025 14:00;17;6.9;3.25
8/05/2025 15:00;19;7.1;3.35
8/05/2025 16:00;13;7;3.3
8/05/2025 17:00;11;6.9;3.25
8/05/2025 18:00;6;6.7;3.16
8/05/2025 19:00;3;6.5;3.07
8/05/2025 20:00;3;6.5;3.07
8/05/2025 21:00;1;6.4;3.02
8/05/2025 22:00;Sin data;6.4;3.02
8/05/2025 23:00;2;6.5;3.07
9/05/2025 0:00;1;6.5;3.07
9/05/2025 1:00;Sin data;6.4;3.02
9/05/2025 2:00;Sin data;6.4;3.02
9/05/2025 3:00;Sin data;6.4;3.02
9/05/2025 4:00;Sin data;6.5;3.07
9/05/2025 5:00;Sin data;6.5;3.07
9/05/2025 6:00;Sin data;6.5;3.07
9/05/2025 7:00;1;6.5;3.07
9/05/2025 8:00;2;6.5;3.07
9/05/2025 9:00;10;6.6;3.11
9/05/2025 10:00;13;6.6;3.11
9/05/2025 11:00;13;6.7;3.16
9/05/2025 12:00;14;6.6;3.11
9/05/2025 13:00;16;6.6;3.11
9/05/2025 14:00;15;6.5;3.07
9/05/2025 15:00;13;6.2;2.92
9/05/2025 16:00;13;6.2;2.92
9/05/2025 17:00;13;6.3;2.97
9/05/2025 18:00;12;6.5;3.07
9/05/2025 19:00;9;6.8;3.21
9/05/2025 20:00;9;7.1;3.35
9/05/2025 21:00;10;7.4;3.49
9/05/2025 22:00;10;7.8;3.68
9/05/2025 23:00;10;8.2;3.87
10/05/2025 0:00;11;8.6;4.06
10/05/2025 1:00;9;9;4.25
10/05/2025 2:00;8;9.3;4.39
10/05/2025 3:00;11;9.8;4.62
10/05/2025 4:00;12;10.3;4.86
10/05/2025 5:00;12;10.8;5.09
10/05/2025 6:00;13;11.3;5.33
10/05/2025 7:00;15;11.9;5.61
10/05/2025 8:00;16;12.5;5.9
10/05/2025 9:00;17;12.8;6.04
10/05/2025 10:00;16;13;6.13
10/05/2025 11:00;17;13.1;6.18
10/05/2025 12:00;16;13.2;6.23
10/05/2025 13:00;16;13.2;6.23
10/05/2025 14:00;15;13.2;6.23
10/05/2025 15:00;16;13.3;6.27
10/05/2025 16:00;16;13.4;6.32
10/05/2025 17:00;15;13.5;6.37
10/05/2025 18:00;12;13.5;6.37
10/05/2025 19:00;9;13.5;6.37
10/05/2025 20:00;9;13.5;6.37
10/05/2025 21:00;9;13.4;6.32
10/05/2025 22:00;9;13.4;6.32
10/05/2025 23:00;11;13.4;6.32
11/05/2025 0:00;11;13.4;6.32
11/05/2025 1:00;11;13.5;6.37
11/05/2025 2:00;11;13.6;6.42
11/05/2025 3:00;11;13.6;6.42
11/05/2025 4:00;11;13.6;6.42
11/05/2025 5:00;10;13.5;6.37
11/05/2025 6:00;8;13.3;6.27
11/05/2025 7:00;9;13;6.13
11/05/2025 8:00;10;12.8;6.04
11/05/2025 9:00;10;12.5;5.9
11/05/2025 10:00;12;12.3;5.8
11/05/2025 11:00;12;12.1;5.71
11/05/2025 12:00;13;12;5.66
11/05/2025 13:00;13;11.9;5.61
11/05/2025 14:00;14;11.8;5.57
11/05/2025 15:00;13;11.7;5.52
11/05/2025 16:00;11;11.5;5.42
11/05/2025 17:00;11;11.4;5.38
11/05/2025 18:00;10;11.3;5.33
11/05/2025 19:00;8;11.3;5.33
11/05/2025 20:00;8;11.2;5.28
11/05/2025 21:00;5;11.1;5.24
11/05/2025 22:00;6;10.9;5.14
11/05/2025 23:00;6;10.8;5.09
12/05/2025 0:00;7;10.6;5
12/05/2025 1:00;7;10.4;4.91
12/05/2025 2:00;9;10.3;4.86
12/05/2025 3:00;10;10.2;4.81
12/05/2025 4:00;12;10.2;4.81
12/05/2025 5:00;11;10.3;4.86
12/05/2025 6:00;5;10.1;4.76
12/05/2025 7:00;5;9.9;4.67
12/05/2025 8:00;9;9.9;4.67
12/05/2025 9:00;10;9.9;4.67
12/05/2025 12:00;12;9.6;4.53
12/05/2025 13:00;13;9.6;4.53
12/05/2025 14:00;13;9.6;4.53
12/05/2025 15:00;13;9.6;4.53
12/05/2025 16:00;14;9.7;4.58
12/05/2025 17:00;14;9.9;4.67
12/05/2025 18:00;12;10;4.72
12/05/2025 19:00;10;10.1;4.76
12/05/2025 20:00;8;10.1;4.76
12/05/2025 21:00;8;10.2;4.81
12/05/2025 23:00;9;10.5;4.95
13/05/2025 0:00;5;10.4;4.91
13/05/2025 1:00;7;10.5;4.95
13/05/2025 2:00;5;10.3;4.86
13/05/2025 3:00;7;10.2;4.81
13/05/2025 4:00;3;9.7;4.58
13/05/2025 5:00;7;9.6;4.53
13/05/2025 6:00;Sin data;9.8;4.62
13/05/2025 7:00;Sin data;10;4.72
13/05/2025 8:00;8;10;4.72
13/05/2025 9:00;10;10;4.72
13/05/2025 10:00;11;10.1;4.76
13/05/2025 11:00;12;10.2;4.81
13/05/2025 12:00;13;10.3;4.86
